Packet number,Gyroscope X (deg/s),Gyroscope Y(deg/s),Gyroscope Z (deg/s),Accelerometer X (g),Accelerometer Y (g),Accelerometer Z (g),Magnetometer X (G),Magnetometer Y (G),Magnetometer Z (G)
0,-0.00,-0.01,0.01,0.18,-0.03,9.60,0,0,0
1,-0.00,-0.00,0.00,0.16,-0.05,9.51,0,0,0
2,-0.00,-0.00,0.01,0.20,-0.10,9.59,0,0,0
3,0.00,0.00,0.01,0.11,-0.08,9.61,0,0,0
4,0.00,0.00,0.01,0.19,-0.12,9.68,0,0,0
5,0.01,-0.00,0.01,0.08,-0.12,9.75,0,0,0
6,0.01,0.00,0.00,0.06,-0.09,9.70,0,0,0
7,0.02,-0.00,0.00,0.04,-0.05,9.70,0,0,0
8,0.02,-0.01,0.00,0.00,0.03,9.71,0,0,0
9,0.02,-0.01,0.01,0.11,0.19,9.60,0,0,0
10,0.02,-0.01,0.00,0.11,0.26,9.61,0,0,0
11,0.01,-0.01,0.00,0.10,0.27,9.61,0,0,0
12,0.01,-0.01,0.00,0.13,0.29,9.48,0,0,0
13,-0.00,-0.00,0.00,0.10,0.26,9.62,0,0,0
14,-0.01,-0.01,0.00,0.11,0.09,9.76,0,0,0
15,-0.01,-0.01,0.00,0.11,-0.01,9.72,0,0,0
16,0.00,-0.01,0.01,0.23,-0.07,9.58,0,0,0
17,0.00,0.00,0.01,0.19,-0.05,9.58,0,0,0
18,0.01,0.00,0.01,0.15,-0.09,9.67,0,0,0
19,0.02,-0.00,0.01,0.04,0.03,9.82,0,0,0
20,0.01,-0.01,0.01,0.06,0.21,9.70,0,0,0
21,0.01,-0.01,0.00,0.08,0.30,9.65,0,0,0
22,-0.01,-0.01,0.00,0.10,0.26,9.73,0,0,0
23,-0.01,-0.00,0.00,0.08,0.16,9.68,0,0,0
24,-0.01,-0.01,0.00,0.09,-0.02,9.73,0,0,0
25,-0.00,-0.01,0.01,0.10,-0.08,9.68,0,0,0
26,0.00,-0.01,0.00,0.20,-0.09,9.67,0,0,0
27,0.01,-0.00,0.01,0.26,-0.05,9.61,0,0,0
28,0.01,0.00,0.01,0.16,0.01,9.73,0,0,0
29,0.01,-0.01,0.01,0.13,0.10,9.79,0,0,0
30,0.01,-0.01,0.00,0.11,0.25,9.73,0,0,0
31,0.00,-0.01,0.01,0.07,0.25,9.57,0,0,0
32,-0.00,-0.01,0.01,0.08,0.28,9.68,0,0,0
33,-0.01,-0.01,0.01,0.02,0.12,9.66,0,0,0
34,-0.01,-0.01,0.00,0.08,-0.01,9.72,0,0,0
35,-0.01,-0.01,0.00,0.11,-0.09,9.72,0,0,0
36,0.00,-0.01,0.00,0.14,-0.13,9.55,0,0,0
37,0.00,-0.01,0.00,0.14,-0.11,9.60,0,0,0
38,0.01,0.00,0.00,0.16,-0.02,9.66,0,0,0
39,0.01,-0.00,0.01,0.13,-0.00,9.68,0,0,0
40,0.02,-0.01,0.00,0.09,0.14,9.69,0,0,0
41,0.01,-0.01,0.01,0.13,0.31,9.63,0,0,0
42,-0.00,-0.00,0.01,0.17,0.24,9.60,0,0,0
43,-0.00,-0.01,0.01,0.12,0.07,9.65,0,0,0
44,-0.01,-0.01,0.00,0.13,-0.06,9.74,0,0,0
45,-0.00,-0.01,0.01,0.16,-0.08,9.68,0,0,0
46,-0.00,-0.01,0.01,0.21,-0.11,9.63,0,0,0
47,0.01,-0.00,0.00,0.16,-0.07,9.56,0,0,0
48,0.01,-0.00,0.01,0.19,-0.02,9.69,0,0,0
49,0.01,-0.00,0.01,0.15,0.06,9.71,0,0,0
50,0.02,-0.01,0.01,0.07,0.09,9.73,0,0,0
51,0.01,-0.01,0.01,0.01,0.17,9.63,0,0,0
52,0.01,-0.01,0.00,0.03,0.25,9.61,0,0,0
53,-0.00,-0.01,0.00,0.06,0.20,9.53,0,0,0
54,-0.01,-0.01,0.01,0.14,0.07,9.66,0,0,0
55,-0.01,-0.01,0.00,0.11,-0.04,9.75,0,0,0
56,0.00,-0.01,0.00,0.18,-0.10,9.65,0,0,0
57,0.00,-0.01,0.01,0.21,-0.07,9.64,0,0,0
58,0.01,-0.01,0.01,0.23,-0.07,9.67,0,0,0
59,0.01,-0.00,0.01,0.19,0.01,9.67,0,0,0
60,0.01,-0.00,0.01,0.19,0.03,9.71,0,0,0
61,0.01,-0.01,0.01,0.09,0.14,9.66,0,0,0
62,0.01,-0.01,0.01,0.06,0.14,9.61,0,0,0
63,0.00,-0.01,0.00,0.06,0.21,9.61,0,0,0
64,-0.00,-0.01,0.00,0.08,0.17,9.62,0,0,0
65,-0.00,-0.01,0.00,0.06,0.02,9.63,0,0,0
66,-0.00,-0.01,0.00,0.15,-0.05,9.61,0,0,0
67,-0.00,-0.01,0.00,0.15,-0.11,9.73,0,0,0
68,0.00,-0.01,0.00,0.15,-0.11,9.69,0,0,0
69,0.01,-0.00,0.00,0.23,0.01,9.71,0,0,0
70,0.01,-0.00,0.01,0.26,0.09,9.64,0,0,0
71,0.01,-0.00,0.01,0.17,0.13,9.68,0,0,0
72,0.01,-0.00,0.00,0.16,0.12,9.71,0,0,0
73,0.01,-0.01,0.01,0.07,0.14,9.74,0,0,0
74,0.01,-0.01,0.01,0.06,0.19,9.67,0,0,0
75,0.01,-0.01,0.00,0.07,0.19,9.61,0,0,0
76,0.00,-0.01,0.00,0.12,0.13,9.62,0,0,0
77,-0.00,-0.01,0.01,-0.03,0.12,9.65,0,0,0
78,-0.00,-0.01,0.00,0.09,0.07,9.65,0,0,0
79,-0.00,-0.01,0.00,0.05,-0.03,9.69,0,0,0
80,-0.00,-0.01,0.01,0.11,-0.03,9.64,0,0,0
81,-0.00,-0.01,0.00,0.14,-0.11,9.76,0,0,0
82,0.01,-0.00,0.00,0.11,-0.05,9.70,0,0,0
83,0.01,-0.00,0.00,0.21,-0.09,9.67,0,0,0
84,0.01,-0.01,0.01,0.18,-0.03,9.68,0,0,0
85,0.01,-0.00,0.00,0.22,0.07,9.71,0,0,0
86,0.01,-0.00,0.01,0.13,0.11,9.63,0,0,0
87,0.01,-0.01,0.00,0.11,0.08,9.64,0,0,0
88,0.01,-0.01,0.00,0.08,0.20,9.63,0,0,0
89,0.00,-0.01,0.01,0.11,0.17,9.63,0,0,0
90,0.00,-0.01,0.00,0.09,0.14,9.64,0,0,0
91,-0.00,-0.01,0.01,0.11,0.13,9.64,0,0,0
92,-0.01,-0.00,0.00,0.10,0.05,9.65,0,0,0
93,-0.01,-0.00,0.00,0.13,0.01,9.65,0,0,0
94,-0.00,-0.01,0.00,0.17,-0.00,9.62,0,0,0
95,0.00,-0.00,0.01,0.18,-0.12,9.64,0,0,0
96,0.00,-0.01,0.00,0.16,-0.07,9.67,0,0,0
97,0.01,-0.01,0.00,0.23,-0.03,9.65,0,0,0
98,0.01,-0.00,0.01,0.16,-0.01,9.69,0,0,0
99,0.01,-0.00,0.01,0.20,0.02,9.66,0,0,0
100,0.01,-0.00,0.01,0.17,0.03,9.65,0,0,0
101,0.01,-0.00,0.00,0.08,0.13,9.77,0,0,0
102,0.01,-0.01,0.01,0.08,0.12,9.63,0,0,0
103,0.01,-0.01,0.01,0.04,0.14,9.61,0,0,0
104,0.00,-0.01,0.00,0.02,0.15,9.56,0,0,0
105,0.01,-0.01,0.00,0.02,0.11,9.64,0,0,0
106,-0.00,-0.01,0.00,0.09,0.11,9.61,0,0,0
107,-0.00,-0.00,0.01,0.12,0.00,9.65,0,0,0
108,-0.00,-0.01,0.00,0.11,0.02,9.63,0,0,0
109,-0.00,-0.00,0.00,0.20,-0.04,9.61,0,0,0
110,0.00,-0.01,0.00,0.16,-0.01,9.74,0,0,0
111,0.00,-0.01,0.01,0.18,-0.02,9.71,0,0,0
112,0.01,-0.01,0.00,0.21,0.00,9.70,0,0,0
113,0.01,-0.01,0.00,0.15,0.08,9.73,0,0,0
114,0.01,-0.01,0.00,0.15,0.13,9.57,0,0,0
115,0.01,-0.00,0.00,0.14,0.13,9.63,0,0,0
116,0.01,-0.01,0.01,0.10,0.13,9.72,0,0,0
117,0.01,-0.01,0.00,0.12,0.12,9.67,0,0,0
118,0.00,-0.01,0.00,0.04,0.11,9.63,0,0,0
119,0.00,-0.01,0.00,0.04,0.13,9.58,0,0,0
120,-0.00,-0.01,0.01,0.06,0.06,9.66,0,0,0
121,-0.00,-0.01,0.00,0.05,0.12,9.64,0,0,0
122,-0.00,-0.01,0.00,0.07,0.00,9.69,0,0,0
123,0.00,-0.00,0.00,0.09,-0.07,9.59,0,0,0
124,0.00,-0.01,0.00,0.15,0.00,9.74,0,0,0
125,0.00,-0.01,0.01,0.18,-0.03,9.67,0,0,0
126,0.01,-0.01,0.01,0.26,0.00,9.74,0,0,0
127,0.01,-0.01,0.00,0.23,0.05,9.65,0,0,0
128,0.01,-0.01,0.00,0.18,0.11,9.63,0,0,0
129,0.01,-0.01,0.00,0.20,0.11,9.61,0,0,0
130,0.01,-0.01,0.00,0.17,0.10,9.69,0,0,0
131,0.01,-0.01,0.00,0.09,0.13,9.67,0,0,0
132,0.01,-0.01,0.01,0.07,0.13,9.70,0,0,0
133,0.00,-0.01,0.00,0.06,0.13,9.63,0,0,0
134,-0.00,-0.01,0.00,0.08,0.09,9.61,0,0,0
135,-0.00,-0.00,0.00,0.06,0.05,9.61,0,0,0
136,-0.00,-0.00,0.01,0.14,0.00,9.70,0,0,0
137,0.00,-0.01,0.00,0.12,-0.06,9.70,0,0,0
138,0.00,-0.01,0.01,0.15,-0.01,9.76,0,0,0
139,0.01,-0.01,0.00,0.20,-0.03,9.66,0,0,0
140,0.01,-0.01,0.00,0.20,0.04,9.65,0,0,0
141,0.01,-0.01,0.01,0.14,0.01,9.63,0,0,0
142,0.01,-0.01,0.01,0.15,0.08,9.64,0,0,0
143,0.01,-0.01,0.00,0.11,0.10,9.69,0,0,0
144,0.01,-0.01,0.00,0.09,0.15,9.71,0,0,0
145,0.00,-0.00,0.01,0.03,0.12,9.65,0,0,0
146,0.01,-0.01,0.00,0.04,0.11,9.62,0,0,0
147,0.00,-0.01,0.00,0.06,0.12,9.63,0,0,0
148,0.00,-0.01,0.00,0.11,0.12,9.61,0,0,0
149,-0.00,-0.01,0.01,0.11,0.12,9.73,0,0,0
150,-0.00,-0.00,0.01,0.14,0.11,9.67,0,0,0
151,-0.00,-0.01,0.00,0.16,0.04,9.72,0,0,0
152,0.00,-0.00,0.00,0.19,0.02,9.73,0,0,0
153,0.00,-0.01,0.00,0.18,0.03,9.64,0,0,0
154,0.00,-0.01,0.00,0.18,-0.01,9.63,0,0,0
155,0.01,-0.01,0.00,0.22,0.02,9.69,0,0,0
156,0.01,-0.01,0.00,0.19,-0.01,9.68,0,0,0
157,0.00,-0.01,0.00,0.15,0.03,9.64,0,0,0
158,0.01,-0.01,0.01,0.15,0.09,9.69,0,0,0
159,0.01,-0.01,0.00,0.07,0.05,9.71,0,0,0
160,0.00,-0.01,0.00,0.06,0.12,9.72,0,0,0
161,0.01,-0.01,0.01,0.00,0.11,9.69,0,0,0
162,0.00,-0.01,0.00,0.07,0.11,9.70,0,0,0
163,0.00,-0.01,0.00,0.12,0.11,9.61,0,0,0
164,0.00,-0.00,0.00,0.07,0.09,9.68,0,0,0
165,0.00,-0.01,0.00,0.15,0.08,9.61,0,0,0
166,-0.00,-0.00,0.00,0.13,0.06,9.62,0,0,0
167,0.00,-0.00,0.00,0.19,0.03,9.70,0,0,0
168,0.00,-0.01,0.00,0.18,0.02,9.67,0,0,0
169,0.00,-0.01,0.01,0.17,0.03,9.69,0,0,0
170,0.01,-0.00,0.01,0.20,0.01,9.65,0,0,0
171,0.00,-0.01,0.01,0.18,0.03,9.70,0,0,0
172,0.01,-0.01,0.00,0.20,0.06,9.61,0,0,0
173,0.01,-0.00,0.01,0.14,0.09,9.74,0,0,0
174,0.01,-0.01,0.00,0.06,0.08,9.70,0,0,0
175,0.01,-0.01,0.01,0.11,0.10,9.67,0,0,0
176,0.00,-0.01,0.00,0.02,0.07,9.71,0,0,0
177,0.00,-0.00,0.01,0.05,0.09,9.72,0,0,0
178,-0.00,-0.01,0.00,0.07,0.11,9.69,0,0,0
179,-0.00,-0.01,0.00,0.12,0.07,9.60,0,0,0
180,0.00,-0.01,0.00,0.11,0.04,9.61,0,0,0
181,0.00,-0.00,0.00,0.16,0.01,9.71,0,0,0
182,0.00,-0.01,0.00,0.18,0.02,9.72,0,0,0
183,0.00,-0.01,0.00,0.20,0.01,9.73,0,0,0
184,0.01,-0.01,0.00,0.18,0.05,9.64,0,0,0
185,0.01,-0.01,0.01,0.21,0.05,9.63,0,0,0
186,0.01,-0.01,0.01,0.14,0.06,9.68,0,0,0
187,0.01,-0.01,0.01,0.16,0.09,9.68,0,0,0
188,0.00,-0.01,0.01,0.11,0.10,9.64,0,0,0
189,0.01,-0.01,0.00,0.14,0.11,9.61,0,0,0
190,0.01,-0.01,0.00,0.09,0.14,9.68,0,0,0
191,0.00,-0.01,0.01,0.13,0.16,9.68,0,0,0
192,0.00,-0.01,0.00,0.11,0.13,9.71,0,0,0
193,-0.00,-0.00,0.01,0.10,0.09,9.64,0,0,0
194,0.00,-0.01,0.01,0.16,-0.03,9.64,0,0,0
195,0.00,-0.01,0.00,0.11,0.02,9.72,0,0,0
196,0.01,-0.01,0.00,0.17,-0.02,9.67,0,0,0
197,0.01,-0.01,0.00,0.16,0.00,9.61,0,0,0
198,0.01,-0.01,0.00,0.12,0.03,9.65,0,0,0
199,0.01,-0.00,0.00,0.12,0.03,9.71,0,0,0
200,0.01,-0.01,0.00,0.10,0.13,9.65,0,0,0
201,0.01,-0.00,0.01,0.14,0.07,9.68,0,0,0
202,0.01,-0.01,0.00,0.15,0.09,9.61,0,0,0
203,0.01,-0.00,0.01,0.11,0.07,9.65,0,0,0
204,0.00,-0.01,0.00,0.06,0.16,9.60,0,0,0
205,0.00,-0.01,0.01,0.11,0.11,9.69,0,0,0
206,0.00,-0.01,0.00,0.14,0.14,9.64,0,0,0
207,-0.00,-0.01,0.00,0.10,0.11,9.70,0,0,0
208,-0.00,-0.00,0.01,0.14,0.05,9.71,0,0,0
209,0.00,-0.01,0.01,0.17,0.05,9.68,0,0,0
210,0.00,-0.01,0.01,0.17,0.01,9.72,0,0,0
211,0.00,-0.01,0.00,0.16,-0.03,9.64,0,0,0
212,0.00,-0.01,0.00,0.15,-0.01,9.66,0,0,0
213,0.00,-0.01,0.00,0.17,0.00,9.70,0,0,0
214,0.01,-0.01,0.01,0.10,0.03,9.67,0,0,0
215,0.01,-0.01,0.01,0.09,0.09,9.70,0,0,0
216,0.01,-0.01,0.00,0.07,0.07,9.61,0,0,0
217,0.01,-0.01,0.01,0.06,0.08,9.66,0,0,0
218,0.01,-0.01,0.01,0.08,0.09,9.69,0,0,0
219,0.01,-0.01,0.01,0.09,0.07,9.66,0,0,0
220,-0.00,-0.01,0.00,0.14,0.16,9.69,0,0,0
221,0.00,-0.01,0.00,0.14,0.12,9.61,0,0,0
222,-0.00,-0.00,0.00,0.15,0.09,9.69,0,0,0
223,-0.00,-0.01,0.00,0.18,0.04,9.72,0,0,0
224,0.00,-0.01,0.00,0.16,0.00,9.68,0,0,0
225,0.00,-0.01,0.00,0.21,0.03,9.71,0,0,0
226,0.00,-0.01,0.00,0.19,0.00,9.72,0,0,0
227,0.01,-0.01,0.00,0.17,0.00,9.68,0,0,0
228,0.01,-0.01,0.00,0.18,0.01,9.61,0,0,0
229,0.01,-0.01,0.00,0.15,0.03,9.68,0,0,0
230,0.01,-0.01,0.01,0.13,0.08,9.59,0,0,0
231,0.01,-0.00,0.01,0.13,0.07,9.68,0,0,0
232,0.01,-0.01,0.01,0.11,0.10,9.68,0,0,0
233,0.00,-0.01,0.01,0.06,0.09,9.65,0,0,0
234,0.01,-0.01,0.01,0.06,0.12,9.63,0,0,0
235,0.00,-0.01,0.01,0.04,0.09,9.63,0,0,0
236,0.00,-0.01,0.00,0.11,0.11,9.54,0,0,0
237,0.00,-0.01,0.01,0.12,0.04,9.61,0,0,0
238,0.00,-0.01,0.00,0.16,0.07,9.64,0,0,0
239,0.00,-0.01,0.00,0.18,0.03,9.61,0,0,0
240,0.00,-0.01,0.01,0.15,0.01,9.66,0,0,0
241,0.01,-0.01,0.00,0.21,-0.01,9.61,0,0,0
242,0.01,-0.01,0.00,0.14,0.04,9.62,0,0,0
243,0.01,-0.01,0.00,0.17,0.08,9.61,0,0,0
244,0.01,-0.01,0.01,0.14,0.04,9.56,0,0,0
245,0.01,-0.01,0.00,0.14,0.06,9.66,0,0,0
246,0.01,-0.00,0.00,0.10,0.11,9.60,0,0,0
247,0.01,-0.01,0.00,0.12,0.10,9.66,0,0,0
248,0.01,-0.01,0.00,0.12,0.13,9.71,0,0,0
249,0.00,-0.01,0.00,0.11,0.15,9.64,0,0,0
250,0.00,-0.01,0.01,0.09,0.14,9.70,0,0,0
251,0.00,-0.01,0.01,0.11,0.11,9.58,0,0,0
252,-0.00,-0.00,0.00,0.07,0.14,9.67,0,0,0
253,-0.00,-0.00,0.01,0.15,0.07,9.66,0,0,0
254,0.00,-0.01,0.00,0.15,0.00,9.67,0,0,0
255,0.00,-0.01,0.00,0.11,0.00,9.71,0,0,0
256,0.00,-0.01,0.01,0.15,-0.03,9.75,0,0,0
257,0.01,-0.01,0.00,0.14,-0.01,9.68,0,0,0
258,0.00,-0.01,0.01,0.22,-0.02,9.73,0,0,0
259,0.01,-0.00,0.01,0.16,0.03,9.67,0,0,0
260,0.01,-0.01,0.00,0.11,0.03,9.61,0,0,0
261,0.01,-0.01,0.00,0.12,0.09,9.66,0,0,0
262,0.01,-0.01,0.01,0.03,0.13,9.66,0,0,0
263,0.01,-0.01,0.01,0.11,0.14,9.67,0,0,0
264,0.01,-0.01,0.01,0.11,0.11,9.62,0,0,0
265,0.00,-0.01,0.01,0.10,0.18,9.65,0,0,0
266,0.00,-0.01,0.00,0.13,0.12,9.66,0,0,0
267,0.00,-0.01,0.00,0.10,0.13,9.67,0,0,0
268,-0.00,-0.01,0.01,0.19,0.10,9.69,0,0,0
269,-0.00,-0.01,0.00,0.16,0.03,9.61,0,0,0
270,0.00,-0.01,0.01,0.16,0.06,9.67,0,0,0
271,0.00,-0.01,0.01,0.15,-0.04,9.70,0,0,0
272,0.01,-0.00,0.00,0.18,0.02,9.66,0,0,0
273,0.00,-0.01,0.00,0.18,0.02,9.69,0,0,0
274,0.01,-0.01,0.00,0.19,0.02,9.69,0,0,0
275,0.01,-0.01,0.01,0.11,0.07,9.64,0,0,0
276,0.01,-0.01,0.00,0.08,0.07,9.69,0,0,0
277,0.01,-0.01,0.00,0.09,0.10,9.60,0,0,0
278,0.01,-0.01,0.00,0.14,0.14,9.74,0,0,0
279,0.00,-0.01,0.00,0.07,0.07,9.64,0,0,0
280,0.00,-0.01,0.00,0.07,0.14,9.66,0,0,0
281,0.00,-0.01,0.00,0.13,0.12,9.69,0,0,0
282,0.00,-0.01,0.00,0.08,0.11,9.72,0,0,0
283,-0.00,-0.01,0.01,0.11,0.02,9.64,0,0,0
284,0.00,-0.01,0.01,0.19,0.04,9.64,0,0,0
285,0.00,-0.01,0.00,0.21,-0.03,9.64,0,0,0
286,-0.00,-0.01,0.01,0.20,-0.04,9.65,0,0,0
287,0.01,-0.01,0.01,0.11,-0.01,9.58,0,0,0
288,0.01,-0.00,0.00,0.10,0.07,9.61,0,0,0
289,0.01,-0.00,0.01,0.13,0.08,9.68,0,0,0
290,0.01,-0.00,0.00,0.10,0.09,9.65,0,0,0
291,0.00,-0.00,0.01,0.09,0.12,9.61,0,0,0
292,0.00,-0.01,0.01,0.10,0.08,9.70,0,0,0
293,0.00,-0.01,0.01,0.07,0.10,9.59,0,0,0
294,-0.00,-0.01,0.00,0.16,0.04,9.69,0,0,0
295,0.00,-0.01,0.00,0.13,-0.00,9.62,0,0,0
296,0.00,-0.01,0.00,0.17,-0.00,9.65,0,0,0
297,0.01,-0.01,0.00,0.16,0.00,9.64,0,0,0
298,0.01,-0.01,0.01,0.14,0.04,9.60,0,0,0
299,0.01,-0.01,0.01,0.11,0.09,9.65,0,0,0
300,0.00,-0.01,0.00,0.10,0.12,9.73,0,0,0
301,0.00,-0.01,0.01,0.06,0.10,9.68,0,0,0
302,0.00,-0.01,0.01,0.11,0.10,9.67,0,0,0
303,-0.00,-0.01,0.00,0.11,0.01,9.59,0,0,0
304,-0.00,-0.01,0.01,0.07,-0.02,9.65,0,0,0
305,-0.00,-0.01,0.01,0.16,-0.00,9.59,0,0,0
306,0.00,-0.01,0.00,0.11,-0.05,9.67,0,0,0
307,0.01,-0.01,0.00,0.14,-0.00,9.67,0,0,0
308,0.01,-0.01,0.00,0.18,0.01,9.68,0,0,0
309,0.01,-0.01,0.00,0.17,0.12,9.63,0,0,0
310,0.01,-0.00,0.00,0.05,0.12,9.75,0,0,0
311,0.00,-0.01,0.00,0.09,0.16,9.66,0,0,0
312,0.00,-0.01,0.00,0.13,0.15,9.63,0,0,0
313,-0.00,-0.01,0.00,0.13,0.09,9.72,0,0,0
314,-0.00,-0.01,0.00,0.18,0.02,9.61,0,0,0
315,0.00,-0.01,0.00,0.16,-0.02,9.70,0,0,0
316,0.01,-0.00,0.01,0.15,0.02,9.68,0,0,0
317,0.01,-0.01,0.01,0.10,0.04,9.61,0,0,0
318,0.01,-0.00,0.00,0.14,0.03,9.66,0,0,0
319,0.01,-0.00,0.01,0.13,0.11,9.65,0,0,0
320,0.00,-0.01,0.01,0.10,0.11,9.69,0,0,0
321,0.00,-0.01,0.00,0.10,0.17,9.65,0,0,0
322,0.00,-0.01,0.01,0.14,0.15,9.62,0,0,0
323,-0.00,-0.01,0.00,0.13,0.10,9.67,0,0,0
324,0.00,-0.01,0.00,0.10,0.05,9.73,0,0,0
325,0.00,-0.01,0.00,0.13,-0.00,9.67,0,0,0
326,-0.00,-0.01,0.00,0.22,0.03,9.67,0,0,0
327,0.00,-0.01,0.00,0.17,0.02,9.73,0,0,0
328,0.00,-0.01,0.00,0.19,0.00,9.69,0,0,0
329,0.01,-0.00,0.00,0.13,0.06,9.62,0,0,0
330,0.01,-0.00,0.00,0.08,0.05,9.64,0,0,0
331,0.01,-0.01,0.01,0.12,0.08,9.67,0,0,0
332,0.00,-0.01,0.00,0.10,0.12,9.62,0,0,0
333,0.00,-0.01,0.00,0.05,0.12,9.73,0,0,0
334,0.00,-0.01,0.01,0.05,0.09,9.69,0,0,0
335,-0.00,-0.01,0.00,0.07,0.11,9.69,0,0,0
336,0.00,-0.01,0.01,0.12,0.05,9.72,0,0,0
337,0.00,-0.01,0.00,0.14,-0.03,9.65,0,0,0
338,0.00,-0.01,0.00,0.16,0.00,9.66,0,0,0
339,0.01,-0.01,0.01,0.16,0.02,9.69,0,0,0
340,0.01,-0.00,0.00,0.21,0.03,9.62,0,0,0
341,0.01,-0.01,0.00,0.15,0.08,9.54,0,0,0
342,0.01,-0.00,0.00,0.11,0.14,9.69,0,0,0
343,0.01,-0.01,0.00,0.11,0.16,9.65,0,0,0
344,0.00,-0.01,0.01,0.11,0.11,9.71,0,0,0
345,0.00,-0.01,0.00,0.11,0.11,9.72,0,0,0
346,-0.00,-0.01,0.01,0.13,0.05,9.68,0,0,0
347,-0.00,-0.01,0.00,0.19,0.00,9.68,0,0,0
348,0.00,-0.01,0.00,0.17,-0.00,9.72,0,0,0
349,0.00,-0.01,0.01,0.16,-0.03,9.66,0,0,0
350,0.01,-0.01,0.00,0.11,0.06,9.66,0,0,0
351,0.01,-0.00,0.00,0.09,0.06,9.65,0,0,0
352,0.01,-0.01,0.00,0.13,0.03,9.62,0,0,0
353,0.01,-0.01,0.01,0.07,0.11,9.62,0,0,0
354,0.00,-0.01,0.01,0.08,0.13,9.61,0,0,0
355,0.00,-0.00,0.00,0.14,0.11,9.72,0,0,0
356,-0.00,-0.01,0.00,0.14,0.03,9.70,0,0,0
357,0.00,-0.01,0.00,0.12,0.05,9.67,0,0,0
358,0.00,-0.01,0.01,0.18,0.05,9.64,0,0,0
359,0.00,-0.01,0.00,0.13,0.04,9.67,0,0,0
360,0.00,-0.01,0.00,0.21,0.01,9.77,0,0,0
361,0.00,-0.01,0.01,0.15,0.04,9.66,0,0,0
362,0.01,-0.01,0.00,0.18,0.04,9.67,0,0,0
363,0.01,-0.00,0.01,0.16,0.08,9.66,0,0,0
364,0.01,-0.01,0.01,0.10,0.07,9.64,0,0,0
365,0.01,-0.01,0.01,0.09,0.10,9.67,0,0,0
366,0.01,-0.01,0.01,0.07,0.13,9.65,0,0,0
367,0.00,-0.01,0.00,0.04,0.06,9.63,0,0,0
368,0.00,-0.01,0.00,0.07,0.08,9.71,0,0,0
369,0.00,-0.01,0.00,0.06,0.07,9.74,0,0,0
370,0.00,-0.01,0.00,0.17,0.06,9.64,0,0,0
371,0.00,-0.01,0.01,0.10,0.01,9.66,0,0,0
372,0.00,-0.00,0.00,0.13,0.02,9.61,0,0,0
373,0.00,-0.01,0.00,0.23,0.01,9.67,0,0,0
374,0.01,-0.00,0.00,0.13,0.04,9.63,0,0,0
375,0.01,-0.01,0.01,0.11,0.07,9.68,0,0,0
376,0.00,-0.01,0.00,0.13,0.12,9.64,0,0,0
377,0.01,-0.01,0.00,0.07,0.11,9.66,0,0,0
378,0.00,-0.01,0.00,0.13,0.11,9.72,0,0,0
379,0.00,-0.01,0.01,0.06,0.05,9.62,0,0,0
380,0.00,-0.01,0.00,0.07,0.05,9.65,0,0,0
381,-0.00,-0.01,0.00,0.11,0.05,9.70,0,0,0
382,0.00,-0.01,0.00,0.15,0.00,9.69,0,0,0
383,0.00,-0.01,0.01,0.14,0.00,9.65,0,0,0
384,0.00,-0.01,0.00,0.18,0.03,9.69,0,0,0
385,0.01,-0.01,0.00,0.15,0.05,9.73,0,0,0
386,0.01,-0.01,0.01,0.11,0.09,9.70,0,0,0
387,0.01,-0.01,0.01,0.12,0.10,9.73,0,0,0
388,0.01,-0.01,0.00,0.08,0.08,9.65,0,0,0
389,0.00,-0.01,0.00,0.09,0.08,9.68,0,0,0
390,0.01,-0.01,0.01,0.10,0.13,9.67,0,0,0
391,-0.00,-0.01,0.01,0.16,0.06,9.59,0,0,0
392,-0.00,-0.00,0.00,0.09,0.02,9.70,0,0,0
393,0.00,-0.00,0.01,0.16,0.04,9.64,0,0,0
394,0.00,-0.01,0.00,0.13,0.00,9.72,0,0,0
395,0.01,-0.00,0.01,0.18,-0.02,9.68,0,0,0
396,0.01,-0.00,0.00,0.10,0.01,9.67,0,0,0
397,0.01,-0.01,0.00,0.10,0.09,9.72,0,0,0
398,0.01,-0.01,0.01,0.11,0.11,9.72,0,0,0
399,0.01,-0.01,0.01,0.04,0.11,9.72,0,0,0
400,0.01,-0.00,0.00,0.12,0.10,9.64,0,0,0
401,0.00,-0.00,0.01,0.11,0.08,9.67,0,0,0
402,-0.00,-0.01,0.00,0.13,0.12,9.71,0,0,0
403,0.00,-0.01,0.00,0.10,0.04,9.62,0,0,0
404,-0.00,-0.01,0.01,0.13,0.02,9.72,0,0,0
405,0.00,-0.01,0.00,0.13,0.06,9.62,0,0,0
406,0.01,-0.01,0.00,0.16,0.03,9.65,0,0,0
407,0.01,-0.01,0.00,0.14,0.01,9.65,0,0,0
408,0.01,-0.01,0.01,0.17,0.05,9.65,0,0,0
409,0.01,-0.01,0.01,0.12,-0.01,9.69,0,0,0
410,0.01,-0.01,0.00,0.06,0.10,9.65,0,0,0
411,0.01,-0.01,0.00,0.07,0.12,9.61,0,0,0
412,0.00,-0.01,0.01,0.05,0.11,9.66,0,0,0
413,0.00,-0.01,0.00,0.08,0.05,9.65,0,0,0
414,0.00,-0.01,0.00,0.08,0.08,9.60,0,0,0
415,0.00,-0.01,0.00,0.09,0.06,9.69,0,0,0
416,0.00,-0.01,0.00,0.14,0.07,9.72,0,0,0
417,0.00,-0.01,0.00,0.16,0.02,9.69,0,0,0
418,0.00,-0.01,0.00,0.21,0.02,9.70,0,0,0
419,0.00,-0.00,0.00,0.17,0.05,9.76,0,0,0
420,0.01,-0.01,0.00,0.18,0.06,9.74,0,0,0
421,0.01,-0.00,0.00,0.10,0.05,9.63,0,0,0
422,0.00,-0.01,0.00,0.12,0.09,9.60,0,0,0
423,0.01,-0.01,0.00,0.13,0.11,9.63,0,0,0
424,0.01,-0.01,0.01,0.06,0.11,9.61,0,0,0
425,0.01,-0.00,0.00,0.08,0.09,9.68,0,0,0
426,0.00,-0.01,0.00,0.08,0.09,9.61,0,0,0
427,0.00,-0.00,0.01,0.07,0.08,9.66,0,0,0
428,0.00,-0.01,0.01,0.06,0.09,9.72,0,0,0
429,0.00,-0.01,0.00,0.09,0.05,9.73,0,0,0
430,0.00,-0.00,0.01,0.14,0.00,9.73,0,0,0
431,0.00,-0.01,0.01,0.11,0.05,9.64,0,0,0
432,0.00,-0.01,0.00,0.15,0.05,9.61,0,0,0
433,0.01,-0.01,0.00,0.21,-0.00,9.61,0,0,0
434,0.01,-0.01,0.01,0.11,0.02,9.75,0,0,0
435,0.01,-0.01,0.00,0.17,0.05,9.65,0,0,0
436,0.01,-0.00,0.00,0.15,0.01,9.72,0,0,0
437,0.01,-0.00,0.00,0.13,0.04,9.84,0,0,0
438,0.01,-0.01,0.00,0.10,0.09,9.70,0,0,0
439,0.00,-0.01,0.00,0.11,0.10,9.64,0,0,0
440,0.00,-0.00,0.01,0.08,0.12,9.62,0,0,0
441,0.00,-0.01,0.00,0.11,0.04,9.68,0,0,0
442,0.00,-0.01,0.01,0.12,0.09,9.63,0,0,0
443,0.00,-0.01,0.01,0.11,0.03,9.71,0,0,0
444,0.00,-0.01,0.01,0.13,0.06,9.66,0,0,0
445,0.00,-0.01,0.00,0.14,0.05,9.66,0,0,0
446,0.00,-0.01,0.00,0.19,0.03,9.73,0,0,0
447,0.01,-0.01,0.00,0.12,0.03,9.66,0,0,0
448,0.00,-0.01,0.00,0.19,0.07,9.77,0,0,0
449,0.01,-0.01,0.01,0.13,0.08,9.65,0,0,0
450,0.01,-0.01,0.00,0.18,0.06,9.55,0,0,0
451,0.01,-0.01,0.00,0.11,0.04,9.67,0,0,0
452,0.00,-0.00,0.00,0.08,0.09,9.67,0,0,0
453,0.01,-0.01,0.01,0.06,0.08,9.68,0,0,0
454,0.00,-0.00,0.01,0.08,0.08,9.66,0,0,0
455,0.00,-0.01,0.01,0.11,0.08,9.73,0,0,0
456,0.00,-0.01,0.00,0.11,0.08,9.60,0,0,0
457,0.00,-0.01,0.00,0.14,0.04,9.61,0,0,0
458,0.00,-0.00,0.01,0.15,0.04,9.70,0,0,0
459,0.00,-0.01,0.00,0.16,0.08,9.69,0,0,0
460,0.00,-0.01,0.01,0.19,0.06,9.69,0,0,0
461,0.00,-0.01,0.01,0.13,0.01,9.68,0,0,0
462,0.01,-0.01,0.00,0.19,0.02,9.70,0,0,0
463,0.00,-0.01,0.01,0.14,0.09,9.76,0,0,0
464,0.00,-0.01,0.01,0.11,0.06,9.64,0,0,0
465,0.01,-0.01,0.01,0.09,0.06,9.71,0,0,0
466,0.00,-0.01,0.00,0.09,0.09,9.68,0,0,0
467,0.00,-0.01,0.00,0.13,0.12,9.64,0,0,0
468,0.00,-0.01,0.01,0.08,0.13,9.63,0,0,0
469,0.00,-0.01,0.01,0.07,0.07,9.74,0,0,0
470,0.00,-0.01,0.00,0.13,0.10,9.60,0,0,0
471,0.00,-0.01,0.00,0.13,0.09,9.69,0,0,0
472,-0.00,-0.01,0.00,0.11,0.06,9.69,0,0,0
473,0.00,-0.01,0.00,0.16,0.02,9.71,0,0,0
474,0.00,-0.01,0.00,0.18,-0.01,9.66,0,0,0
475,0.01,-0.01,0.01,0.13,0.01,9.67,0,0,0
476,0.01,-0.01,0.00,0.12,0.06,9.65,0,0,0
477,0.01,-0.01,0.00,0.12,0.06,9.69,0,0,0
478,0.01,-0.01,0.00,0.14,0.08,9.66,0,0,0
479,0.01,-0.01,0.01,0.11,0.05,9.66,0,0,0
480,0.01,-0.01,0.00,0.12,0.11,9.69,0,0,0
481,0.01,-0.01,0.00,0.08,0.09,9.69,0,0,0
482,0.00,-0.01,0.00,0.13,0.09,9.64,0,0,0
483,0.00,-0.00,0.00,0.04,0.12,9.64,0,0,0
484,0.00,-0.01,0.00,0.09,0.09,9.61,0,0,0
485,0.00,-0.01,0.00,0.01,0.02,9.73,0,0,0
486,0.00,-0.01,0.01,0.09,0.14,9.69,0,0,0
487,0.00,-0.01,0.00,0.15,0.03,9.67,0,0,0
488,0.00,-0.01,0.00,0.16,0.03,9.66,0,0,0
489,0.00,-0.00,0.01,0.15,-0.00,9.66,0,0,0
490,0.01,-0.01,0.01,0.17,0.06,9.65,0,0,0
491,0.01,-0.01,0.01,0.10,0.05,9.73,0,0,0
492,0.01,-0.00,0.00,0.13,0.09,9.62,0,0,0
493,0.00,-0.01,0.00,0.11,0.08,9.72,0,0,0
494,0.00,-0.01,0.00,0.07,0.11,9.64,0,0,0
495,0.00,-0.01,0.00,0.08,0.12,9.67,0,0,0
496,0.00,-0.01,0.00,0.07,0.10,9.61,0,0,0
497,0.00,-0.01,0.00,0.14,0.06,9.71,0,0,0
498,-0.00,-0.01,0.01,0.16,0.03,9.78,0,0,0
499,0.00,-0.01,0.00,0.08,0.04,9.66,0,0,0
500,0.00,-0.01,0.01,0.10,0.05,9.72,0,0,0
501,0.01,-0.01,0.01,0.19,0.01,9.64,0,0,0
502,0.01,-0.01,0.01,0.20,0.03,9.64,0,0,0
503,0.01,-0.01,0.00,0.10,0.09,9.66,0,0,0
504,0.00,-0.01,0.00,0.16,0.09,9.61,0,0,0
505,0.00,-0.00,0.00,0.14,0.14,9.62,0,0,0
506,0.00,-0.01,0.01,0.13,0.06,9.65,0,0,0
507,0.00,-0.01,0.01,0.15,0.02,9.74,0,0,0
508,0.01,-0.01,0.01,0.08,0.03,9.72,0,0,0
509,0.01,-0.01,0.00,0.21,0.08,9.66,0,0,0
510,0.00,-0.01,0.01,0.11,0.01,9.62,0,0,0
511,0.01,-0.01,0.00,0.16,0.06,9.64,0,0,0
512,0.00,-0.00,0.01,0.10,0.05,9.61,0,0,0
513,0.01,-0.00,0.00,0.11,0.06,9.58,0,0,0
514,0.01,-0.01,0.00,0.11,0.07,9.67,0,0,0
515,0.01,-0.01,0.01,0.12,0.06,9.72,0,0,0
516,0.00,-0.01,0.01,0.10,0.11,9.64,0,0,0
517,0.00,-0.01,0.00,0.10,0.05,9.67,0,0,0
518,0.00,-0.01,0.00,0.09,0.05,9.60,0,0,0
519,0.00,-0.01,0.00,0.13,0.03,9.72,0,0,0
520,0.00,-0.01,0.01,0.16,-0.00,9.64,0,0,0
521,0.01,-0.01,0.01,0.13,0.01,9.68,0,0,0
522,0.01,-0.01,0.00,0.12,0.06,9.70,0,0,0
523,0.00,-0.01,0.01,0.15,0.03,9.65,0,0,0
524,0.00,-0.01,0.01,0.09,0.04,9.65,0,0,0
525,0.01,-0.00,0.00,0.16,0.08,9.67,0,0,0
526,0.01,-0.00,0.01,0.11,0.12,9.64,0,0,0
527,0.00,-0.01,0.00,0.09,0.08,9.74,0,0,0
528,0.00,-0.01,0.00,0.05,0.11,9.67,0,0,0
529,0.00,-0.01,0.00,0.08,0.02,9.67,0,0,0
530,0.00,-0.01,0.01,0.13,0.07,9.69,0,0,0
531,0.00,-0.01,0.00,0.16,0.03,9.69,0,0,0
532,0.01,-0.01,0.00,0.20,-0.02,9.66,0,0,0
533,0.01,-0.01,0.01,0.14,0.01,9.61,0,0,0
534,0.01,-0.01,0.01,0.12,0.04,9.62,0,0,0
535,0.01,-0.00,0.01,0.14,0.07,9.63,0,0,0
536,0.01,-0.01,0.00,0.13,0.10,9.65,0,0,0
537,0.01,-0.00,0.01,0.10,0.10,9.72,0,0,0
538,0.00,-0.01,0.01,0.05,0.09,9.71,0,0,0
539,0.00,-0.01,0.00,0.11,0.10,9.68,0,0,0
540,0.00,-0.01,0.00,0.09,0.08,9.68,0,0,0
541,-0.00,-0.01,0.00,0.12,-0.00,9.74,0,0,0
542,0.00,-0.01,0.00,0.18,0.04,9.72,0,0,0
543,0.00,-0.01,0.00,0.15,0.01,9.64,0,0,0
544,0.00,-0.01,0.00,0.13,-0.01,9.66,0,0,0
545,0.01,-0.01,0.01,0.11,0.03,9.71,0,0,0
546,0.01,-0.01,0.00,0.12,0.03,9.66,0,0,0
547,0.01,-0.01,0.00,0.13,0.09,9.70,0,0,0
548,0.01,-0.01,0.00,0.11,0.06,9.66,0,0,0
549,0.01,-0.01,0.00,0.14,0.09,9.66,0,0,0
550,0.00,-0.01,0.00,0.14,0.09,9.61,0,0,0
551,0.00,-0.01,0.01,0.08,0.08,9.65,0,0,0
552,0.00,-0.01,0.00,0.09,0.09,9.66,0,0,0
553,0.00,-0.01,0.00,0.16,0.03,9.63,0,0,0
554,0.00,-0.01,0.00,0.13,0.07,9.66,0,0,0
555,0.00,-0.01,0.00,0.13,0.01,9.74,0,0,0
556,0.01,-0.01,0.00,0.21,0.01,9.68,0,0,0
557,0.01,-0.01,0.00,0.16,0.05,9.70,0,0,0
558,0.01,-0.00,0.00,0.12,0.06,9.70,0,0,0
559,0.01,-0.01,0.01,0.11,0.05,9.71,0,0,0
560,0.01,-0.00,0.01,0.10,0.07,9.67,0,0,0
561,0.00,-0.01,0.00,0.11,0.08,9.73,0,0,0
562,0.00,-0.01,0.01,0.15,0.06,9.69,0,0,0
563,0.00,-0.01,0.00,0.12,0.12,9.65,0,0,0
564,-0.00,-0.01,0.00,0.13,0.01,9.73,0,0,0
565,0.00,-0.01,0.00,0.10,0.01,9.75,0,0,0
566,0.00,-0.01,0.01,0.19,-0.01,9.72,0,0,0
567,0.01,-0.01,0.00,0.14,0.05,9.61,0,0,0
568,0.01,-0.00,0.00,0.18,0.05,9.69,0,0,0
569,0.01,-0.01,0.00,0.11,0.07,9.73,0,0,0
570,0.00,-0.00,0.00,0.15,0.10,9.60,0,0,0
571,0.01,-0.00,0.01,0.06,0.12,9.67,0,0,0
572,0.01,-0.01,0.01,0.11,0.11,9.73,0,0,0
573,0.00,-0.01,0.00,0.09,0.08,9.60,0,0,0
574,0.00,-0.01,0.01,0.13,0.06,9.60,0,0,0
575,0.00,-0.01,0.00,0.09,0.04,9.74,0,0,0
576,0.00,-0.01,0.01,0.11,0.04,9.73,0,0,0
577,0.00,-0.01,0.00,0.11,0.00,9.68,0,0,0
578,0.00,-0.01,0.00,0.09,0.00,9.70,0,0,0
579,0.00,-0.01,0.00,0.11,-0.00,9.65,0,0,0
580,0.00,-0.00,0.00,0.16,0.07,9.61,0,0,0
581,0.01,-0.00,0.01,0.16,0.14,9.64,0,0,0
582,0.01,-0.01,0.01,0.13,0.08,9.72,0,0,0
583,0.01,-0.01,0.00,0.11,0.07,9.69,0,0,0
584,0.00,-0.01,0.01,0.13,0.06,9.73,0,0,0
585,0.00,-0.01,0.00,0.14,0.07,9.68,0,0,0
586,0.00,-0.00,0.00,0.07,0.10,9.67,0,0,0
587,0.00,-0.01,0.00,0.18,0.10,9.67,0,0,0
588,0.00,-0.01,0.00,0.14,0.07,9.77,0,0,0
589,0.00,-0.01,0.00,0.13,0.03,9.68,0,0,0
590,0.00,-0.01,0.01,0.12,0.02,9.61,0,0,0
591,0.00,-0.01,0.00,0.12,0.03,9.69,0,0,0
592,0.01,-0.01,0.00,0.13,0.08,9.62,0,0,0
593,0.01,-0.01,0.00,0.11,0.06,9.66,0,0,0
594,0.01,-0.01,0.00,0.11,0.08,9.73,0,0,0
595,0.01,-0.01,0.00,0.11,0.07,9.63,0,0,0
596,0.01,-0.01,0.00,0.12,0.10,9.64,0,0,0
597,0.00,-0.01,0.01,0.12,0.02,9.64,0,0,0
598,0.00,-0.01,0.00,0.18,0.05,9.74,0,0,0
599,0.00,-0.01,0.00,0.10,0.11,9.68,0,0,0
600,0.00,-0.01,0.00,0.15,0.04,9.73,0,0,0
601,0.00,-0.01,0.01,0.14,0.04,9.67,0,0,0
602,0.01,-0.00,0.01,0.11,0.04,9.69,0,0,0
603,0.01,-0.00,0.01,0.10,0.09,9.65,0,0,0
604,0.00,-0.01,0.01,0.15,0.06,9.66,0,0,0
605,0.00,-0.01,0.00,0.09,0.06,9.72,0,0,0
606,0.01,-0.01,0.01,0.09,0.10,9.61,0,0,0
607,0.00,-0.01,0.00,0.12,0.11,9.64,0,0,0
608,0.00,-0.01,0.00,0.11,0.08,9.75,0,0,0
609,0.00,-0.01,0.00,0.11,0.05,9.72,0,0,0
610,0.00,-0.01,0.00,0.11,0.08,9.60,0,0,0
611,0.00,-0.01,0.00,0.17,0.03,9.72,0,0,0
612,0.00,-0.01,0.01,0.15,0.00,9.62,0,0,0
613,0.01,-0.00,0.00,0.15,0.00,9.62,0,0,0
614,0.01,-0.01,0.00,0.20,0.04,9.73,0,0,0
615,0.01,-0.01,0.01,0.13,0.06,9.65,0,0,0
616,0.00,-0.01,0.01,0.11,0.06,9.70,0,0,0
617,0.00,-0.01,0.01,0.10,0.11,9.65,0,0,0
618,0.00,-0.01,0.00,0.09,0.04,9.68,0,0,0
619,0.00,-0.01,0.01,0.10,0.06,9.68,0,0,0
620,0.00,-0.01,0.01,0.10,0.01,9.62,0,0,0
621,0.00,-0.01,0.00,0.12,0.04,9.62,0,0,0
622,0.00,-0.01,0.01,0.11,0.05,9.70,0,0,0
623,0.00,-0.01,0.00,0.15,-0.01,9.68,0,0,0
624,0.01,-0.00,0.00,0.18,0.06,9.64,0,0,0
625,0.01,-0.01,0.00,0.14,0.03,9.68,0,0,0
626,0.01,-0.00,0.00,0.12,0.07,9.67,0,0,0
627,0.01,-0.01,0.00,0.12,0.09,9.64,0,0,0
628,0.00,-0.01,0.01,0.13,0.10,9.57,0,0,0
629,0.00,-0.00,0.01,0.13,0.05,9.76,0,0,0
630,0.01,-0.01,0.00,0.12,0.11,9.64,0,0,0
631,0.00,-0.01,0.01,0.12,0.08,9.72,0,0,0
632,0.00,-0.01,0.00,0.16,0.05,9.69,0,0,0
633,-0.00,-0.01,0.00,0.12,0.04,9.70,0,0,0
634,0.00,-0.01,0.00,0.11,0.06,9.68,0,0,0
635,0.00,-0.01,0.01,0.13,0.02,9.68,0,0,0
636,0.01,-0.00,0.01,0.16,0.06,9.61,0,0,0
637,0.01,-0.01,0.00,0.14,0.07,9.69,0,0,0
638,0.01,-0.01,0.00,0.07,0.06,9.63,0,0,0
639,0.00,-0.00,0.00,0.10,0.06,9.76,0,0,0
640,0.01,-0.01,0.01,0.16,0.09,9.69,0,0,0
641,0.00,-0.01,0.00,0.17,0.03,9.71,0,0,0
642,0.01,-0.01,0.00,0.10,0.07,9.68,0,0,0
643,0.00,-0.01,0.01,0.10,0.06,9.66,0,0,0
644,0.00,-0.01,0.00,0.09,0.00,9.68,0,0,0
645,0.00,-0.01,0.01,0.17,0.07,9.66,0,0,0
646,0.00,-0.00,0.01,0.13,0.08,9.73,0,0,0
647,0.00,-0.01,0.00,0.18,0.03,9.65,0,0,0
648,0.00,-0.01,0.01,0.18,0.03,9.73,0,0,0
649,0.01,-0.00,0.00,0.13,0.00,9.59,0,0,0
650,0.01,-0.01,0.00,0.12,0.03,9.68,0,0,0
651,0.01,-0.00,0.01,0.11,0.09,9.72,0,0,0
652,0.00,-0.01,0.00,0.10,0.01,9.63,0,0,0
653,0.00,-0.01,0.00,0.15,0.10,9.66,0,0,0
654,0.00,-0.01,0.00,0.11,0.07,9.62,0,0,0
655,0.00,-0.01,0.00,0.08,0.06,9.75,0,0,0
656,0.00,-0.01,0.00,0.12,0.06,9.65,0,0,0
657,0.00,-0.01,0.00,0.10,0.08,9.64,0,0,0
658,0.00,-0.01,0.00,0.16,-0.01,9.64,0,0,0
659,0.00,-0.01,0.01,0.14,0.06,9.62,0,0,0
660,0.00,-0.01,0.00,0.13,0.03,9.68,0,0,0
661,0.01,-0.01,0.00,0.13,0.05,9.64,0,0,0
662,0.00,-0.01,0.01,0.14,0.08,9.71,0,0,0
663,0.01,-0.01,0.00,0.14,0.04,9.69,0,0,0
664,0.00,-0.01,0.01,0.12,0.12,9.61,0,0,0
665,0.01,-0.01,0.00,0.16,0.08,9.70,0,0,0
666,0.01,-0.01,0.01,0.08,0.12,9.63,0,0,0
667,0.00,-0.01,0.00,0.11,0.03,9.73,0,0,0
668,0.00,-0.00,0.01,0.12,0.06,9.67,0,0,0
669,0.00,-0.01,0.00,0.11,0.04,9.64,0,0,0
670,0.00,-0.01,0.00,0.11,0.10,9.62,0,0,0
671,0.00,-0.01,0.01,0.13,0.07,9.67,0,0,0
672,0.00,-0.01,0.01,0.14,0.06,9.66,0,0,0
673,0.01,-0.01,0.00,0.16,0.04,9.71,0,0,0
674,0.01,-0.01,0.00,0.11,0.06,9.67,0,0,0
675,0.00,-0.01,0.01,0.14,0.04,9.66,0,0,0
676,0.01,-0.01,0.00,0.11,0.07,9.63,0,0,0
677,0.01,-0.00,0.00,0.12,0.04,9.73,0,0,0
678,0.00,-0.01,0.00,0.13,0.09,9.65,0,0,0
679,0.01,-0.01,0.01,0.12,0.02,9.62,0,0,0
680,0.00,-0.01,0.00,0.10,0.08,9.69,0,0,0
681,0.00,-0.01,0.01,0.20,0.07,9.67,0,0,0
682,0.01,-0.01,0.00,0.14,0.08,9.68,0,0,0
683,0.00,-0.01,0.00,0.12,0.04,9.69,0,0,0
684,0.00,-0.01,0.01,0.15,0.07,9.62,0,0,0
685,0.01,-0.01,0.00,0.11,0.00,9.75,0,0,0
686,0.01,-0.01,0.00,0.12,0.08,9.64,0,0,0
687,0.00,-0.01,0.00,0.16,0.04,9.71,0,0,0
688,0.01,-0.01,0.00,0.13,0.10,9.67,0,0,0
689,0.01,-0.01,0.00,0.06,0.10,9.66,0,0,0
690,0.01,-0.01,0.00,0.11,0.05,9.63,0,0,0
691,0.00,-0.01,0.00,0.11,0.10,9.69,0,0,0
692,0.00,-0.01,0.00,0.10,0.07,9.65,0,0,0
693,0.00,-0.01,0.01,0.17,0.05,9.71,0,0,0
694,0.01,-0.01,0.00,0.15,0.05,9.69,0,0,0
695,0.01,-0.01,0.01,0.11,0.07,9.70,0,0,0
696,0.01,-0.01,0.00,0.19,0.03,9.65,0,0,0
697,0.00,-0.01,0.00,0.13,0.07,9.62,0,0,0
698,0.00,-0.01,0.01,0.13,0.02,9.68,0,0,0
699,0.00,-0.00,0.01,0.13,0.07,9.61,0,0,0
700,0.01,-0.01,0.01,0.13,0.05,9.67,0,0,0
701,0.01,-0.00,0.00,0.09,0.09,9.73,0,0,0
702,0.00,-0.01,0.01,0.10,0.08,9.63,0,0,0
703,0.00,-0.01,0.01,0.12,0.05,9.63,0,0,0
704,0.00,-0.01,0.00,0.15,0.08,9.62,0,0,0
705,0.01,-0.01,0.00,0.12,0.04,9.54,0,0,0
706,0.00,-0.01,0.00,0.14,0.01,9.69,0,0,0
707,0.01,-0.01,0.00,0.13,0.08,9.72,0,0,0
708,0.00,-0.01,0.01,0.17,0.02,9.73,0,0,0
709,0.01,-0.01,0.00,0.17,0.05,9.70,0,0,0
710,0.00,-0.00,0.00,0.12,0.06,9.68,0,0,0
711,0.00,-0.01,0.01,0.11,0.06,9.72,0,0,0
712,0.01,-0.01,0.01,0.08,0.06,9.70,0,0,0
713,0.01,-0.01,0.00,0.16,0.07,9.63,0,0,0
714,0.00,-0.01,0.01,0.11,0.05,9.67,0,0,0
715,0.01,-0.01,0.01,0.10,0.08,9.76,0,0,0
716,0.00,-0.01,0.00,0.16,0.14,9.61,0,0,0
717,0.00,-0.01,0.00,0.10,0.10,9.60,0,0,0
718,0.00,-0.01,0.00,0.14,0.07,9.73,0,0,0
719,0.00,-0.00,0.01,0.11,0.05,9.69,0,0,0
720,0.01,-0.01,0.00,0.15,0.03,9.65,0,0,0
721,0.00,-0.00,0.00,0.11,0.03,9.60,0,0,0
722,0.00,-0.01,0.00,0.12,0.04,9.67,0,0,0
723,0.01,-0.01,0.01,0.14,0.07,9.69,0,0,0
724,0.01,-0.01,0.01,0.14,0.01,9.70,0,0,0
725,0.00,-0.00,0.00,0.11,0.05,9.64,0,0,0
726,0.01,-0.01,0.01,0.12,0.04,9.61,0,0,0
727,0.01,-0.01,0.00,0.07,0.05,9.62,0,0,0
728,0.01,-0.01,0.00,0.11,0.10,9.67,0,0,0
729,0.00,-0.01,0.01,0.14,0.10,9.68,0,0,0
730,0.00,-0.01,0.01,0.10,0.08,9.58,0,0,0
731,0.00,-0.01,0.01,0.12,0.10,9.66,0,0,0
732,0.00,-0.00,0.01,0.12,0.08,9.68,0,0,0
733,0.00,-0.01,0.00,0.15,0.02,9.66,0,0,0
734,0.00,-0.01,0.01,0.13,0.07,9.66,0,0,0
735,0.00,-0.01,0.01,0.10,0.02,9.71,0,0,0
736,0.00,-0.01,0.01,0.13,0.05,9.70,0,0,0
737,0.00,-0.01,0.01,0.15,0.05,9.66,0,0,0
738,0.00,-0.01,0.00,0.14,0.05,9.73,0,0,0
739,0.01,-0.01,0.01,0.09,0.07,9.66,0,0,0
740,0.00,-0.01,0.01,0.15,0.07,9.72,0,0,0
741,0.01,-0.01,0.00,0.08,0.07,9.72,0,0,0
742,0.01,-0.01,0.01,0.13,0.09,9.73,0,0,0
743,0.01,-0.01,0.00,0.10,0.05,9.65,0,0,0
744,0.01,-0.01,0.00,0.12,0.03,9.70,0,0,0
745,0.00,-0.01,0.00,0.11,0.08,9.63,0,0,0
746,0.00,-0.01,0.00,0.11,0.06,9.70,0,0,0
747,0.01,-0.01,0.00,0.13,0.10,9.70,0,0,0
748,0.00,-0.01,0.00,0.10,0.06,9.70,0,0,0
749,0.00,-0.01,0.00,0.09,0.10,9.60,0,0,0
750,0.00,-0.01,0.00,0.13,0.11,9.60,0,0,0
751,0.00,-0.01,0.00,0.16,0.06,9.70,0,0,0
752,0.00,-0.01,0.00,0.12,0.06,9.75,0,0,0
753,0.00,-0.01,0.00,0.17,0.09,9.68,0,0,0
754,0.00,-0.01,0.01,0.18,0.05,9.63,0,0,0
755,0.00,-0.01,0.01,0.09,0.06,9.62,0,0,0
756,0.00,-0.01,0.00,0.14,0.04,9.66,0,0,0
757,0.01,-0.01,0.00,0.09,0.07,9.64,0,0,0
758,0.00,-0.01,0.00,0.10,0.05,9.73,0,0,0
759,0.00,-0.01,0.01,0.11,0.10,9.67,0,0,0
760,0.00,-0.01,0.01,0.06,0.03,9.69,0,0,0
761,0.00,-0.00,0.00,0.08,0.06,9.55,0,0,0
762,0.00,-0.01,0.00,0.14,0.07,9.66,0,0,0
763,0.00,-0.01,0.00,0.17,0.05,9.69,0,0,0
764,0.00,-0.01,0.01,0.17,0.03,9.63,0,0,0
765,0.01,-0.01,0.00,0.12,0.04,9.73,0,0,0
766,0.01,-0.01,0.00,0.18,0.07,9.67,0,0,0
767,0.00,-0.00,0.00,0.12,0.04,9.66,0,0,0
768,0.01,-0.01,0.00,0.14,0.07,9.67,0,0,0
769,0.00,-0.01,0.01,0.14,0.05,9.67,0,0,0
770,0.00,-0.00,0.00,0.13,0.07,9.69,0,0,0
771,0.00,-0.01,0.00,0.15,0.08,9.68,0,0,0
772,0.01,-0.00,0.01,0.13,0.06,9.66,0,0,0
773,0.00,-0.01,0.00,0.15,0.04,9.65,0,0,0
774,0.00,-0.01,0.00,0.12,0.06,9.71,0,0,0
775,0.01,-0.01,0.01,0.12,0.04,9.65,0,0,0
776,0.01,-0.01,0.00,0.15,0.10,9.67,0,0,0
777,0.00,-0.01,0.01,0.17,0.09,9.62,0,0,0
778,0.00,-0.01,0.00,0.11,0.06,9.65,0,0,0
779,0.00,-0.01,0.00,0.15,0.00,9.64,0,0,0
780,0.00,-0.01,0.00,0.15,0.04,9.68,0,0,0
781,0.01,-0.01,0.00,0.16,0.03,9.69,0,0,0
782,0.00,-0.01,0.01,0.14,0.04,9.62,0,0,0
783,0.01,-0.01,0.01,0.14,0.02,9.67,0,0,0
784,0.00,-0.01,0.00,0.13,0.06,9.61,0,0,0
785,0.00,-0.01,0.01,0.16,0.08,9.64,0,0,0
786,0.00,-0.01,0.00,0.11,0.06,9.62,0,0,0
787,0.01,-0.01,0.00,0.14,0.06,9.72,0,0,0
788,0.01,-0.01,0.00,0.10,0.08,9.63,0,0,0
789,0.01,-0.01,0.00,0.19,0.11,9.74,0,0,0
790,0.01,-0.01,0.00,0.15,0.10,9.73,0,0,0
791,0.00,-0.01,0.00,0.17,0.11,9.63,0,0,0
792,0.01,-0.01,0.01,0.13,0.06,9.67,0,0,0
793,0.00,-0.01,0.01,0.14,0.10,9.58,0,0,0
794,0.00,-0.01,0.01,0.15,0.07,9.69,0,0,0
795,0.00,-0.01,0.01,0.16,0.05,9.61,0,0,0
796,0.00,-0.01,0.01,0.13,0.01,9.62,0,0,0
797,0.00,-0.01,0.01,0.16,0.05,9.74,0,0,0
798,0.00,-0.01,0.00,0.13,0.03,9.71,0,0,0
799,0.01,-0.01,0.01,0.17,0.08,9.73,0,0,0
800,0.00,-0.01,0.01,0.10,0.02,9.65,0,0,0
801,0.01,-0.01,0.00,0.14,0.02,9.64,0,0,0
802,0.01,-0.01,0.01,0.11,0.09,9.69,0,0,0
803,0.00,-0.01,0.00,0.17,0.08,9.61,0,0,0
804,0.01,-0.01,0.00,0.11,0.07,9.67,0,0,0
805,0.00,-0.01,0.00,0.12,0.05,9.70,0,0,0
806,0.01,-0.01,0.01,0.13,0.09,9.68,0,0,0
807,0.00,-0.01,0.01,0.15,0.11,9.63,0,0,0
808,0.00,-0.01,0.00,0.15,0.03,9.67,0,0,0
809,0.00,-0.01,0.00,0.12,0.00,9.67,0,0,0
810,0.00,-0.01,0.00,0.15,0.03,9.57,0,0,0
811,0.01,-0.01,0.00,0.11,0.03,9.68,0,0,0
812,0.01,-0.01,0.01,0.17,0.02,9.63,0,0,0
813,0.00,-0.01,0.00,0.13,0.06,9.71,0,0,0
814,0.00,-0.01,0.01,0.10,0.10,9.69,0,0,0
815,0.01,-0.01,0.01,0.11,0.04,9.67,0,0,0
816,0.00,-0.01,0.01,0.11,0.06,9.71,0,0,0
817,0.01,-0.01,0.00,0.11,0.05,9.68,0,0,0
818,0.01,-0.01,0.00,0.12,0.07,9.68,0,0,0
819,0.01,-0.01,0.00,0.11,0.05,9.76,0,0,0
820,0.00,-0.01,0.00,0.11,0.06,9.67,0,0,0
821,0.00,-0.01,0.01,0.07,0.07,9.68,0,0,0
822,0.00,-0.01,0.00,0.15,0.05,9.61,0,0,0
823,0.00,-0.01,0.01,0.14,0.08,9.66,0,0,0
824,0.00,-0.01,0.00,0.12,0.06,9.65,0,0,0
825,0.00,-0.01,0.00,0.13,0.03,9.57,0,0,0
826,0.00,-0.01,0.00,0.12,0.07,9.75,0,0,0
827,0.00,-0.01,0.01,0.14,0.06,9.66,0,0,0
828,0.01,-0.01,0.00,0.13,0.03,9.66,0,0,0
829,0.00,-0.00,0.01,0.17,0.03,9.57,0,0,0
830,0.00,-0.00,0.01,0.14,0.10,9.63,0,0,0
831,0.00,-0.01,0.01,0.06,0.04,9.73,0,0,0
832,0.00,-0.01,0.01,0.13,0.07,9.64,0,0,0
833,0.00,-0.01,0.00,0.14,0.06,9.61,0,0,0
834,0.01,-0.01,0.01,0.09,0.10,9.65,0,0,0
835,0.00,-0.01,0.00,0.09,0.11,9.74,0,0,0
836,0.00,-0.01,0.00,0.08,0.05,9.66,0,0,0
837,0.01,-0.01,0.00,0.16,0.08,9.67,0,0,0
838,0.00,-0.01,0.01,0.12,0.04,9.70,0,0,0
839,0.01,-0.01,0.00,0.13,0.07,9.67,0,0,0
840,0.00,-0.01,0.00,0.10,0.02,9.69,0,0,0
841,0.00,-0.01,0.01,0.14,0.02,9.73,0,0,0
842,0.01,-0.01,0.01,0.14,0.04,9.64,0,0,0
843,0.01,-0.01,0.00,0.11,0.07,9.65,0,0,0
844,0.01,-0.01,0.00,0.11,0.03,9.65,0,0,0
845,0.01,-0.01,0.01,0.15,0.07,9.61,0,0,0
846,0.01,-0.01,0.00,0.13,0.06,9.68,0,0,0
847,0.00,-0.01,0.01,0.13,0.09,9.68,0,0,0
848,0.01,-0.01,0.01,0.12,0.11,9.70,0,0,0
849,0.00,-0.01,0.00,0.14,0.09,9.68,0,0,0
850,0.00,-0.01,0.00,0.16,0.07,9.68,0,0,0
851,0.00,-0.00,0.00,0.11,0.05,9.64,0,0,0
852,0.00,-0.01,0.00,0.13,0.09,9.67,0,0,0
853,0.00,-0.01,0.01,0.12,0.11,9.63,0,0,0
854,0.01,-0.01,0.00,0.13,0.06,9.65,0,0,0
855,0.01,-0.01,0.01,0.14,0.04,9.73,0,0,0
856,0.01,-0.01,0.00,0.11,0.06,9.71,0,0,0
857,0.01,-0.01,0.00,0.14,0.05,9.65,0,0,0
858,0.01,-0.01,0.00,0.14,0.08,9.71,0,0,0
859,0.01,-0.01,0.01,0.11,0.06,9.69,0,0,0
860,0.00,-0.01,0.01,0.14,0.08,9.63,0,0,0
861,0.00,-0.01,0.00,0.10,0.02,9.64,0,0,0
862,-0.00,-0.01,0.01,0.09,0.08,9.71,0,0,0
863,0.01,-0.01,0.00,0.17,0.10,9.65,0,0,0
864,0.01,-0.01,0.00,0.14,0.06,9.63,0,0,0
865,0.00,-0.01,0.00,0.15,0.05,9.69,0,0,0
866,0.00,-0.01,0.01,0.18,0.07,9.71,0,0,0
867,0.00,-0.01,0.01,0.12,0.06,9.64,0,0,0
868,0.01,-0.01,0.00,0.16,0.04,9.63,0,0,0
869,0.01,-0.01,0.00,0.14,0.03,9.61,0,0,0
870,0.00,-0.01,0.01,0.04,0.05,9.60,0,0,0
871,0.00,-0.01,0.00,0.15,0.10,9.64,0,0,0
872,0.00,-0.01,0.01,0.09,0.01,9.70,0,0,0
873,0.00,-0.00,0.01,0.13,0.09,9.65,0,0,0
874,0.00,-0.01,0.01,0.11,0.11,9.66,0,0,0
875,0.00,-0.01,0.01,0.11,0.07,9.68,0,0,0
876,0.00,-0.01,0.01,0.10,0.05,9.67,0,0,0
877,0.00,-0.00,0.00,0.08,0.07,9.66,0,0,0
878,0.00,-0.01,0.00,0.13,0.04,9.65,0,0,0
879,0.00,-0.01,0.00,0.10,0.10,9.72,0,0,0
880,0.00,-0.01,0.00,0.14,0.09,9.62,0,0,0
881,0.00,-0.01,0.00,0.14,0.02,9.72,0,0,0
882,0.01,-0.01,0.00,0.13,0.10,9.67,0,0,0
883,0.01,-0.01,0.01,0.11,0.09,9.70,0,0,0
884,0.00,-0.01,0.01,0.18,0.05,9.65,0,0,0
885,0.01,-0.01,0.00,0.15,0.08,9.68,0,0,0
886,0.00,-0.01,0.00,0.14,0.08,9.69,0,0,0
887,0.00,-0.01,0.01,0.16,0.10,9.67,0,0,0
888,0.00,-0.01,0.01,0.12,0.09,9.63,0,0,0
889,0.00,-0.01,0.00,0.13,0.11,9.73,0,0,0
890,0.00,-0.01,0.00,0.14,0.09,9.66,0,0,0
891,0.00,-0.01,0.01,0.11,0.05,9.69,0,0,0
892,0.00,-0.01,0.00,0.13,0.05,9.68,0,0,0
893,0.00,-0.01,0.01,0.10,0.07,9.64,0,0,0
894,0.00,-0.00,0.00,0.14,0.04,9.67,0,0,0
895,0.00,-0.01,0.00,0.09,0.09,9.75,0,0,0
896,0.00,-0.01,0.01,0.11,0.10,9.57,0,0,0
897,0.00,-0.01,0.01,0.12,0.03,9.66,0,0,0
898,0.00,-0.01,0.01,0.11,0.04,9.64,0,0,0
899,0.00,-0.01,0.00,0.14,0.08,9.69,0,0,0
900,0.01,-0.01,0.00,0.13,0.05,9.65,0,0,0
901,0.00,-0.01,0.01,0.14,0.09,9.70,0,0,0
902,0.00,-0.00,0.01,0.16,0.11,9.71,0,0,0
903,0.00,-0.01,0.00,0.17,0.09,9.73,0,0,0
904,0.00,-0.00,0.01,0.11,0.09,9.72,0,0,0
905,0.00,-0.01,0.00,0.13,0.13,9.60,0,0,0
906,0.01,-0.01,0.01,0.10,0.08,9.75,0,0,0
907,0.00,-0.01,0.00,0.13,0.04,9.61,0,0,0
908,0.00,-0.01,0.00,0.14,0.04,9.62,0,0,0
909,0.00,-0.01,0.01,0.11,0.03,9.66,0,0,0
910,0.00,-0.01,0.00,0.12,0.03,9.61,0,0,0
911,0.00,-0.01,0.01,0.08,0.05,9.61,0,0,0
912,0.00,-0.01,0.00,0.11,0.06,9.73,0,0,0
913,0.00,-0.01,0.01,0.09,0.09,9.72,0,0,0
914,0.00,-0.01,0.01,0.13,0.07,9.72,0,0,0
915,0.01,-0.00,0.01,0.14,0.06,9.69,0,0,0
916,0.01,-0.01,0.00,0.08,0.07,9.66,0,0,0
917,0.01,-0.01,0.01,0.07,0.03,9.65,0,0,0
918,0.01,-0.01,0.01,0.09,0.08,9.69,0,0,0
919,0.00,-0.01,0.01,0.09,0.10,9.68,0,0,0
920,0.01,-0.01,0.00,0.12,0.08,9.66,0,0,0
921,0.01,-0.01,0.00,0.15,0.06,9.66,0,0,0
922,0.00,-0.01,0.00,0.11,0.08,9.67,0,0,0
923,0.00,-0.01,0.00,0.13,0.08,9.67,0,0,0
924,0.00,-0.01,0.00,0.15,0.06,9.66,0,0,0
925,0.00,-0.01,0.01,0.15,0.08,9.68,0,0,0
926,0.01,-0.01,0.00,0.13,0.03,9.64,0,0,0
927,0.00,-0.01,0.00,0.11,0.05,9.75,0,0,0
928,0.01,-0.00,0.00,0.09,0.00,9.68,0,0,0
929,0.01,-0.01,0.00,0.12,0.06,9.63,0,0,0
930,0.01,-0.00,0.01,0.14,0.09,9.70,0,0,0
931,0.00,-0.01,0.00,0.12,0.06,9.69,0,0,0
932,0.00,-0.01,0.01,0.10,0.06,9.66,0,0,0
933,0.01,-0.01,0.00,0.08,0.08,9.66,0,0,0
934,0.00,-0.01,0.00,0.16,0.04,9.60,0,0,0
935,0.00,-0.01,0.00,0.14,0.10,9.69,0,0,0
936,0.00,-0.01,0.00,0.10,0.06,9.66,0,0,0
937,0.00,-0.01,0.01,0.10,0.01,9.65,0,0,0
938,0.00,-0.01,0.00,0.12,0.06,9.69,0,0,0
939,0.00,-0.00,0.00,0.11,0.08,9.64,0,0,0
940,0.01,-0.01,0.00,0.21,0.09,9.80,0,0,0
941,0.00,-0.01,0.00,0.12,0.08,9.74,0,0,0
942,0.00,-0.01,0.00,0.16,0.05,9.62,0,0,0
943,0.01,-0.01,0.00,0.15,0.09,9.68,0,0,0
944,0.01,-0.01,0.01,0.14,0.11,9.69,0,0,0
945,0.01,-0.01,0.01,0.15,0.08,9.62,0,0,0
946,0.00,-0.01,0.01,0.15,0.11,9.61,0,0,0
947,0.00,-0.01,0.00,0.13,0.07,9.60,0,0,0
948,0.00,-0.01,0.00,0.19,0.05,9.73,0,0,0
949,-0.00,-0.01,0.00,0.11,0.01,9.67,0,0,0
950,0.01,-0.00,0.01,0.02,0.03,9.72,0,0,0
951,0.01,-0.01,0.00,0.12,0.07,9.70,0,0,0
952,0.00,-0.01,0.01,0.11,0.05,9.72,0,0,0
953,0.01,-0.01,0.00,0.13,0.01,9.60,0,0,0
954,0.00,-0.00,0.00,0.14,0.03,9.63,0,0,0
955,0.00,-0.01,0.01,0.12,0.09,9.73,0,0,0
956,0.00,-0.01,0.00,0.14,0.05,9.62,0,0,0
957,0.00,-0.01,0.00,0.10,0.09,9.65,0,0,0
958,0.00,-0.01,0.00,0.14,0.08,9.65,0,0,0
959,0.00,-0.01,0.01,0.17,0.11,9.64,0,0,0
960,0.01,-0.00,0.00,0.09,0.08,9.65,0,0,0
961,0.01,-0.01,0.01,0.11,0.07,9.72,0,0,0
962,0.00,-0.01,0.01,0.11,0.06,9.67,0,0,0
963,0.01,-0.01,0.01,0.15,0.07,9.70,0,0,0
964,0.00,-0.01,0.00,0.10,0.09,9.66,0,0,0
965,0.01,-0.01,0.00,0.13,0.09,9.57,0,0,0
966,0.01,-0.01,0.00,0.08,0.07,9.62,0,0,0
967,0.00,-0.01,0.01,0.11,0.06,9.67,0,0,0
968,0.00,-0.01,0.00,0.09,0.10,9.61,0,0,0
969,0.00,-0.01,0.01,0.12,0.09,9.66,0,0,0
970,0.00,-0.01,0.01,0.09,0.05,9.63,0,0,0
971,0.00,-0.01,0.00,0.14,0.02,9.67,0,0,0
972,0.01,-0.01,0.00,0.15,0.06,9.74,0,0,0
973,0.01,-0.01,0.01,0.16,0.05,9.67,0,0,0
974,0.00,-0.01,0.01,0.13,0.06,9.66,0,0,0
975,0.01,-0.01,0.01,0.11,0.05,9.66,0,0,0
976,0.01,-0.01,0.01,0.12,0.09,9.64,0,0,0
977,0.00,-0.01,0.00,0.12,0.07,9.71,0,0,0
978,0.00,-0.01,0.00,0.11,0.03,9.63,0,0,0
979,0.01,-0.01,0.00,0.08,0.03,9.59,0,0,0
980,0.00,-0.00,0.01,0.11,0.07,9.65,0,0,0
981,0.01,-0.01,0.00,0.11,0.02,9.64,0,0,0
982,0.00,-0.01,0.01,0.13,0.06,9.66,0,0,0
983,0.00,-0.01,0.01,0.14,0.06,9.66,0,0,0
984,0.01,-0.01,0.00,0.10,0.01,9.66,0,0,0
985,0.01,-0.01,0.01,0.17,0.07,9.65,0,0,0
986,0.01,-0.01,0.00,0.15,0.06,9.68,0,0,0
987,0.00,-0.01,0.00,0.17,0.09,9.60,0,0,0
988,0.01,-0.01,0.00,0.09,0.06,9.63,0,0,0
989,0.00,-0.01,0.00,0.18,0.06,9.64,0,0,0
990,0.01,-0.01,0.00,0.10,0.08,9.67,0,0,0
991,0.00,-0.01,0.01,0.15,0.08,9.65,0,0,0
992,0.00,-0.01,0.00,0.14,0.04,9.64,0,0,0
993,0.00,-0.01,0.00,0.15,0.10,9.61,0,0,0
994,0.01,-0.01,0.00,0.11,0.06,9.61,0,0,0
995,0.01,-0.01,0.01,0.11,0.07,9.73,0,0,0
996,0.00,-0.01,0.01,0.11,0.07,9.71,0,0,0
997,0.01,-0.01,0.01,0.14,0.06,9.66,0,0,0
998,0.00,-0.01,0.00,0.14,0.01,9.71,0,0,0
999,0.00,-0.01,0.00,0.13,0.09,9.66,0,0,0
1000,0.00,-0.01,0.00,0.11,0.07,9.72,0,0,0
1001,0.00,-0.01,0.01,0.17,0.10,9.65,0,0,0
1002,0.00,-0.01,0.00,0.08,0.06,9.68,0,0,0
1003,0.00,-0.01,0.00,0.10,0.08,9.71,0,0,0
1004,0.00,-0.01,0.01,0.12,0.07,9.69,0,0,0
1005,0.01,-0.01,0.01,0.13,0.08,9.68,0,0,0
1006,0.00,-0.01,0.00,0.15,0.02,9.77,0,0,0
1007,0.00,-0.01,0.01,0.13,0.00,9.61,0,0,0
1008,0.01,-0.01,0.00,0.11,0.04,9.69,0,0,0
1009,0.00,-0.01,0.01,0.06,0.09,9.70,0,0,0
1010,0.00,-0.01,0.00,0.12,0.04,9.69,0,0,0
1011,0.00,-0.01,0.00,0.11,0.11,9.66,0,0,0
1012,0.00,-0.01,0.01,0.12,0.05,9.61,0,0,0
1013,0.00,-0.01,0.00,0.11,0.06,9.66,0,0,0
1014,0.00,-0.01,0.01,0.15,0.02,9.70,0,0,0
1015,0.00,-0.01,0.00,0.15,0.07,9.66,0,0,0
1016,0.00,-0.01,0.01,0.16,0.05,9.65,0,0,0
1017,0.00,-0.01,0.01,0.12,0.08,9.71,0,0,0
1018,0.00,-0.01,0.01,0.11,0.11,9.69,0,0,0
1019,0.00,-0.01,0.01,0.11,0.08,9.69,0,0,0
1020,0.00,-0.01,0.01,0.11,0.08,9.65,0,0,0
1021,0.00,-0.01,0.00,0.11,0.02,9.72,0,0,0
1022,0.00,-0.01,0.01,0.15,0.12,9.69,0,0,0
1023,0.00,-0.01,0.00,0.09,0.07,9.70,0,0,0
1024,0.00,-0.01,0.00,0.12,0.04,9.68,0,0,0
1025,-0.00,-0.01,0.01,0.07,0.01,9.63,0,0,0
1026,0.00,-0.01,0.01,0.11,0.04,9.66,0,0,0
1027,0.00,-0.01,0.01,0.17,0.00,9.63,0,0,0
1028,0.00,-0.01,0.01,0.21,0.02,9.66,0,0,0
1029,0.01,-0.00,0.00,0.11,0.05,9.66,0,0,0
1030,0.01,-0.00,0.00,0.14,0.09,9.65,0,0,0
1031,0.00,-0.01,0.00,0.08,0.04,9.68,0,0,0
1032,0.01,-0.00,0.00,0.08,0.08,9.62,0,0,0
1033,0.00,-0.01,0.00,0.14,0.06,9.64,0,0,0
1034,0.00,-0.00,0.00,0.07,0.07,9.64,0,0,0
1035,0.00,-0.00,0.01,0.07,0.05,9.69,0,0,0
1036,0.00,-0.00,0.00,0.09,0.03,9.70,0,0,0
1037,0.00,-0.01,0.01,0.14,0.03,9.73,0,0,0
1038,0.00,-0.01,0.00,0.13,0.07,9.60,0,0,0
1039,0.00,-0.01,0.00,0.19,0.02,9.63,0,0,0
1040,0.01,-0.01,0.00,0.16,0.07,9.61,0,0,0
1041,0.00,-0.01,0.01,0.12,0.03,9.63,0,0,0
1042,0.01,-0.01,0.00,0.17,0.12,9.70,0,0,0
1043,0.00,-0.01,0.01,0.06,0.07,9.61,0,0,0
1044,0.00,-0.01,0.01,0.08,0.11,9.60,0,0,0
1045,0.00,-0.01,0.00,0.14,0.06,9.68,0,0,0
1046,-0.00,-0.01,0.01,0.10,0.09,9.72,0,0,0
1047,0.00,-0.01,0.01,0.12,0.02,9.67,0,0,0
1048,0.00,-0.01,0.01,0.12,0.02,9.70,0,0,0
1049,0.00,-0.01,0.00,0.18,0.02,9.63,0,0,0
1050,0.01,-0.01,0.00,0.07,0.00,9.68,0,0,0
1051,0.00,-0.01,0.00,0.15,0.02,9.67,0,0,0
1052,0.01,-0.01,0.00,0.13,0.05,9.70,0,0,0
1053,0.01,-0.01,0.00,0.16,0.06,9.67,0,0,0
1054,0.01,-0.00,0.01,0.13,0.12,9.69,0,0,0
1055,0.00,-0.01,0.00,0.14,0.13,9.66,0,0,0
1056,0.00,-0.00,0.01,0.07,0.12,9.60,0,0,0
1057,0.00,-0.01,0.01,0.14,0.08,9.71,0,0,0
1058,0.00,-0.01,0.00,0.12,0.08,9.73,0,0,0
1059,0.00,-0.01,0.00,0.11,0.06,9.70,0,0,0
1060,0.00,-0.01,0.00,0.13,0.03,9.67,0,0,0
1061,0.00,-0.01,0.01,0.15,0.07,9.66,0,0,0
1062,0.00,-0.01,0.00,0.12,0.09,9.66,0,0,0
1063,0.01,-0.01,0.00,0.09,0.08,9.65,0,0,0
1064,0.01,-0.01,0.00,0.11,0.08,9.66,0,0,0
1065,0.00,-0.01,0.00,0.14,0.09,9.66,0,0,0
1066,0.01,-0.01,0.00,0.11,0.08,9.68,0,0,0
1067,0.00,-0.01,0.01,0.15,0.05,9.68,0,0,0
1068,0.00,-0.01,0.01,0.16,0.06,9.74,0,0,0
1069,0.00,-0.01,0.01,0.15,0.04,9.60,0,0,0
1070,0.00,-0.01,0.00,0.19,0.03,9.68,0,0,0
1071,0.00,-0.01,0.01,0.20,0.02,9.61,0,0,0
1072,0.01,-0.01,0.01,0.16,0.08,9.70,0,0,0
1073,0.00,-0.01,0.00,0.13,0.04,9.72,0,0,0
1074,0.01,-0.01,0.01,0.08,0.08,9.68,0,0,0
1075,0.01,-0.01,0.01,0.17,0.04,9.63,0,0,0
1076,0.01,-0.01,0.00,0.08,0.08,9.63,0,0,0
1077,0.00,-0.01,0.00,0.04,0.08,9.63,0,0,0
1078,0.00,-0.01,0.00,0.14,0.09,9.68,0,0,0
1079,0.00,-0.01,0.00,0.12,0.06,9.61,0,0,0
1080,-0.00,-0.01,0.00,0.12,0.09,9.68,0,0,0
1081,0.00,-0.01,0.00,0.13,0.05,9.70,0,0,0
1082,0.00,-0.01,0.00,0.12,0.05,9.63,0,0,0
1083,0.00,-0.00,0.01,0.14,0.00,9.69,0,0,0
1084,0.01,-0.00,0.01,0.17,0.05,9.69,0,0,0
1085,0.00,-0.01,0.01,0.14,0.10,9.61,0,0,0
1086,0.00,-0.01,0.01,0.08,0.07,9.59,0,0,0
1087,0.00,-0.01,0.00,0.08,0.09,9.65,0,0,0
1088,0.00,-0.01,0.00,0.14,0.06,9.62,0,0,0
1089,0.00,-0.01,0.01,0.09,0.05,9.66,0,0,0
1090,0.00,-0.01,0.00,0.16,0.09,9.61,0,0,0
1091,0.00,-0.01,0.00,0.16,0.07,9.66,0,0,0
1092,0.00,-0.01,0.00,0.13,0.02,9.69,0,0,0
1093,0.00,-0.01,0.00,0.09,0.05,9.64,0,0,0
1094,0.01,-0.01,0.01,0.08,0.06,9.66,0,0,0
1095,0.01,-0.01,0.01,0.16,0.06,9.71,0,0,0
1096,0.01,-0.01,0.01,0.16,0.07,9.65,0,0,0
1097,0.01,-0.01,0.00,0.12,0.05,9.64,0,0,0
1098,0.00,-0.01,0.00,0.10,0.12,9.63,0,0,0
1099,0.01,-0.00,0.01,0.14,0.13,9.61,0,0,0
1100,0.00,-0.01,0.00,0.10,0.08,9.70,0,0,0
1101,0.00,-0.01,0.00,0.16,0.06,9.67,0,0,0
1102,0.00,-0.01,0.00,0.10,0.04,9.63,0,0,0
1103,0.00,-0.01,0.00,0.14,0.03,9.69,0,0,0
1104,0.00,-0.00,0.00,0.18,0.02,9.63,0,0,0
1105,0.00,0.00,0.01,0.13,-0.00,9.68,0,0,0
1106,0.01,0.01,0.00,0.11,-0.06,9.68,0,0,0
1107,0.01,0.00,0.00,0.05,0.01,9.67,0,0,0
1108,0.01,0.00,0.00,0.09,0.05,9.62,0,0,0
1109,0.01,-0.00,0.01,0.05,0.24,9.68,0,0,0
1110,0.01,-0.01,0.01,0.08,0.25,9.71,0,0,0
1111,0.00,-0.01,0.00,0.18,0.24,9.66,0,0,0
1112,-0.00,-0.01,0.00,0.21,0.21,9.60,0,0,0
1113,-0.00,-0.00,0.00,0.21,0.05,9.59,0,0,0
1114,-0.01,-0.00,0.00,0.17,-0.04,9.61,0,0,0
1115,0.00,-0.00,0.00,0.04,-0.10,9.68,0,0,0
1116,-0.00,0.00,0.01,0.02,-0.09,9.64,0,0,0
1117,0.01,0.00,0.01,0.08,-0.04,9.64,0,0,0
1118,0.01,-0.01,0.01,0.12,0.02,9.63,0,0,0
1119,0.01,0.00,0.01,0.14,0.12,9.64,0,0,0
1120,0.01,0.00,0.01,0.17,0.18,9.74,0,0,0
1121,0.01,-0.00,0.00,0.15,0.21,9.68,0,0,0
1122,0.00,-0.00,0.00,0.04,0.15,9.71,0,0,0
1123,0.00,-0.00,0.00,0.10,0.04,9.70,0,0,0
1124,-0.00,0.00,0.00,0.11,0.01,9.69,0,0,0
1125,0.00,0.00,0.01,0.15,-0.04,9.67,0,0,0
1126,0.01,0.00,0.01,0.18,0.01,9.68,0,0,0
1127,0.01,0.00,0.00,0.19,0.06,9.57,0,0,0
1128,0.01,0.01,0.01,0.18,0.08,9.71,0,0,0
1129,0.01,0.00,0.01,0.15,0.11,9.69,0,0,0
1130,0.01,0.00,0.01,0.06,0.14,9.71,0,0,0
1131,0.00,0.00,0.01,-0.02,0.13,9.68,0,0,0
1132,-0.00,-0.00,0.01,-0.04,0.12,9.73,0,0,0
1133,-0.00,0.00,0.01,-0.02,0.02,9.68,0,0,0
1134,-0.00,-0.00,0.01,-0.00,0.01,9.72,0,0,0
1135,-0.00,-0.01,0.01,0.06,-0.01,9.66,0,0,0
1136,0.00,-0.00,0.00,0.14,-0.02,9.69,0,0,0
1137,0.01,-0.00,0.00,0.16,-0.00,9.63,0,0,0
1138,0.00,-0.00,0.00,0.19,-0.02,9.66,0,0,0
1139,0.01,0.00,0.00,0.16,0.10,9.67,0,0,0
1140,0.01,0.00,0.00,0.10,0.13,9.63,0,0,0
1141,0.01,-0.00,0.00,0.10,0.13,9.59,0,0,0
1142,0.00,0.00,0.01,0.10,0.12,9.63,0,0,0
1143,0.00,-0.00,0.00,0.10,0.13,9.63,0,0,0
1144,0.00,-0.00,0.01,0.10,0.07,9.68,0,0,0
1145,-0.00,-0.00,0.01,0.15,0.05,9.62,0,0,0
1146,-0.00,-0.00,0.00,0.10,0.03,9.73,0,0,0
1147,0.00,-0.00,0.00,0.07,-0.05,9.68,0,0,0
1148,0.01,-0.00,0.00,0.09,0.01,9.69,0,0,0
1149,0.01,-0.01,0.00,0.13,0.02,9.64,0,0,0
1150,0.01,-0.00,0.00,0.11,0.08,9.64,0,0,0
1151,0.00,-0.01,0.00,0.06,0.21,9.68,0,0,0
1152,0.01,-0.02,-0.00,-0.06,-0.07,9.82,0,0,0
1153,0.00,-0.00,0.00,0.10,0.20,9.59,0,0,0
1154,0.00,-0.01,0.00,0.06,0.01,9.67,0,0,0
1155,0.00,0.00,0.01,0.04,0.04,9.76,0,0,0
1156,-0.00,-0.00,0.01,0.20,0.05,9.56,0,0,0
1157,0.01,0.00,0.01,0.13,0.02,9.58,0,0,0
1158,0.01,-0.00,0.00,0.15,0.03,9.79,0,0,0
1159,0.01,-0.00,0.01,0.17,0.09,9.57,0,0,0
1160,0.00,-0.00,0.00,0.08,0.17,9.64,0,0,0
1161,0.00,-0.01,0.00,0.10,0.12,9.70,0,0,0
1162,0.01,-0.01,0.00,0.01,0.10,9.73,0,0,0
1163,-0.00,-0.01,0.00,0.08,0.10,9.61,0,0,0
1164,0.00,-0.01,0.00,0.12,0.09,9.62,0,0,0
1165,-0.00,-0.01,0.01,0.15,-0.04,9.63,0,0,0
1166,0.01,-0.01,0.01,0.06,-0.02,9.68,0,0,0
1167,0.00,-0.00,0.00,0.17,0.08,9.61,0,0,0
1168,0.00,-0.01,0.00,0.11,0.02,9.74,0,0,0
1169,0.00,-0.00,0.00,0.14,0.04,9.66,0,0,0
1170,0.00,-0.00,0.00,0.10,0.01,9.61,0,0,0
1171,0.01,-0.00,0.01,0.07,0.00,9.70,0,0,0
1172,0.00,-0.00,0.00,0.03,0.15,9.68,0,0,0
1173,0.00,-0.01,0.00,0.06,0.11,9.62,0,0,0
1174,0.00,-0.00,0.00,0.12,0.11,9.63,0,0,0
1175,0.01,-0.01,0.00,0.09,0.03,9.67,0,0,0
1176,0.00,-0.00,0.00,0.07,0.06,9.70,0,0,0
1177,0.01,-0.00,0.00,0.09,0.11,9.72,0,0,0
1178,-0.00,-0.01,0.01,0.10,0.01,9.70,0,0,0
1179,0.01,-0.01,0.00,0.11,0.07,9.68,0,0,0
1180,0.01,-0.01,0.01,0.09,0.11,9.65,0,0,0
1181,0.00,-0.01,0.01,0.05,0.04,9.62,0,0,0
1182,-0.00,-0.00,0.01,0.15,0.36,9.68,0,0,0
1183,-0.04,0.00,0.01,0.16,0.62,9.64,0,0,0
1184,-0.11,0.01,0.01,0.07,0.80,9.73,0,0,0
1185,-0.19,0.02,0.01,0.23,0.12,9.73,0,0,0
1186,-0.19,0.02,0.01,0.01,-0.17,9.79,0,0,0
1187,-0.16,0.02,0.01,0.03,-0.29,9.62,0,0,0
1188,-0.09,0.02,0.01,-0.04,-0.57,9.56,0,0,0
1189,0.03,-0.02,0.01,-0.18,-0.84,9.48,0,0,0
1190,0.20,-0.04,0.01,0.17,-0.81,9.66,0,0,0
1191,0.27,-0.02,0.01,0.26,0.17,9.78,0,0,0
1192,0.23,-0.01,0.00,0.32,1.24,10.10,0,0,0
1193,0.01,-0.00,-0.00,0.21,1.06,9.87,0,0,0
1194,-0.01,0.03,0.01,0.43,-0.57,9.80,0,0,0
1195,0.02,0.07,0.02,0.14,0.30,9.73,0,0,0
1196,-0.03,0.06,0.01,-0.05,0.42,9.69,0,0,0
1197,-0.05,0.05,0.01,-0.13,0.17,9.68,0,0,0
1198,-0.05,0.04,0.01,-0.09,-0.04,9.72,0,0,0
1199,-0.03,0.03,0.00,-0.09,-0.15,9.58,0,0,0
1200,-0.01,0.00,0.01,-0.09,0.10,9.56,0,0,0
1201,-0.01,-0.00,0.01,-0.13,0.00,9.63,0,0,0
1202,-0.01,-0.01,0.00,0.01,-0.05,9.61,0,0,0
1203,0.01,-0.01,0.00,0.00,-0.00,9.65,0,0,0
1204,0.01,-0.02,0.00,-0.04,0.07,9.66,0,0,0
1205,0.01,-0.03,0.00,-0.05,0.11,9.64,0,0,0
1206,0.01,-0.04,-0.00,-0.04,0.04,9.57,0,0,0
1207,0.01,-0.05,-0.00,0.03,-0.02,9.71,0,0,0
1208,0.02,-0.05,-0.00,0.11,0.00,9.67,0,0,0
1209,0.02,-0.05,-0.00,0.08,0.05,9.68,0,0,0
1210,0.02,-0.04,-0.00,0.15,0.03,9.68,0,0,0
1211,0.02,-0.03,-0.00,0.16,0.10,9.72,0,0,0
1212,0.01,-0.03,0.00,0.16,0.16,9.62,0,0,0
1213,0.01,-0.02,0.00,0.12,0.09,9.69,0,0,0
1214,0.04,-0.02,0.01,-0.05,-0.30,9.65,0,0,0
1215,0.05,-0.02,0.00,0.23,0.24,9.73,0,0,0
1216,0.03,-0.01,0.00,0.05,-0.02,9.61,0,0,0
1217,0.05,-0.01,0.00,0.11,0.06,9.77,0,0,0
1218,0.05,-0.01,0.00,0.09,0.20,9.66,0,0,0
1219,0.03,-0.01,0.00,0.15,0.14,9.69,0,0,0
1220,0.02,-0.01,0.00,0.08,0.18,9.63,0,0,0
1221,0.01,-0.01,0.00,0.08,0.22,9.71,0,0,0
1222,0.00,-0.00,0.00,0.10,0.13,9.70,0,0,0
1223,0.01,-0.00,0.01,0.08,0.06,9.65,0,0,0
1224,0.01,0.00,0.00,0.15,0.08,9.77,0,0,0
1225,-0.01,0.02,0.01,0.18,0.24,9.81,0,0,0
1226,-0.04,0.04,0.01,0.34,0.13,9.73,0,0,0
1227,-0.03,0.08,0.02,0.48,-0.24,9.75,0,0,0
1228,0.02,0.14,0.01,0.48,-0.20,9.84,0,0,0
1229,0.10,0.23,-0.09,0.29,0.06,9.99,0,0,0
1230,0.02,0.25,-0.07,-0.43,0.31,11.11,0,0,0
1231,-0.09,-0.08,-0.09,-1.29,-0.24,12.09,0,0,0
1232,-0.20,-0.07,0.01,-0.41,0.03,12.77,0,0,0
1233,-0.39,0.19,0.13,0.19,0.70,12.62,0,0,0
1234,-0.59,0.39,0.16,0.57,1.02,12.46,0,0,0
1235,-0.68,0.46,0.13,0.48,1.18,12.63,0,0,0
1236,-0.74,0.43,0.03,0.39,1.57,12.78,0,0,0
1237,-0.69,0.37,-0.12,0.03,1.77,13.12,0,0,0
1238,-0.63,0.40,-0.14,0.02,1.86,13.24,0,0,0
1239,-0.49,0.51,-0.16,-0.11,2.34,13.44,0,0,0
1240,-0.44,0.58,-0.23,-0.17,2.53,13.50,0,0,0
1241,-0.41,0.66,-0.35,-0.07,2.43,13.32,0,0,0
1242,-0.32,0.76,-0.47,-0.09,2.38,12.86,0,0,0
1243,-0.18,0.85,-0.61,-0.28,2.38,12.57,0,0,0
1244,-0.01,0.95,-0.75,-0.16,2.32,12.16,0,0,0
1245,0.14,1.03,-0.74,-0.02,2.66,11.92,0,0,0
1246,0.30,1.13,-0.62,-0.43,2.54,11.15,0,0,0
1247,0.45,1.17,-0.61,-0.27,2.54,10.56,0,0,0
1248,0.54,1.13,-0.66,-0.40,2.57,9.99,0,0,0
1249,0.64,1.04,-0.72,-0.57,2.49,9.40,0,0,0
1250,0.74,0.98,-0.77,-0.64,2.81,9.01,0,0,0
1251,0.78,0.90,-0.85,-0.76,3.30,8.74,0,0,0
1252,0.77,0.84,-0.91,-0.88,3.48,8.69,0,0,0
1253,0.73,0.77,-1.01,-0.90,3.66,8.52,0,0,0
1254,0.69,0.72,-1.08,-0.90,3.79,8.44,0,0,0
1255,0.62,0.69,-1.15,-0.65,4.07,8.30,0,0,0
1256,0.56,0.67,-1.25,-0.24,4.45,8.13,0,0,0
1257,0.53,0.64,-1.37,-0.07,4.56,8.00,0,0,0
1258,0.57,0.58,-1.47,-0.01,4.50,8.06,0,0,0
1259,0.70,0.52,-1.55,0.21,4.25,8.22,0,0,0
1260,0.84,0.53,-1.62,0.44,4.01,8.63,0,0,0
1261,0.94,0.58,-1.69,0.45,3.67,8.90,0,0,0
1262,0.99,0.66,-1.70,0.63,3.38,8.93,0,0,0
1263,0.98,0.70,-1.71,0.58,3.19,8.95,0,0,0
1264,0.89,0.77,-1.82,0.48,2.97,8.58,0,0,0
1265,0.79,0.79,-1.92,0.39,2.91,8.13,0,0,0
1266,0.69,0.79,-2.04,0.03,2.95,7.46,0,0,0
1267,0.63,0.78,-2.09,-0.23,2.85,7.17,0,0,0
1268,0.59,0.70,-2.18,-0.79,2.65,6.31,0,0,0
1269,0.60,0.62,-2.23,-0.90,2.46,5.94,0,0,0
1270,0.63,0.52,-2.28,-0.94,2.50,5.85,0,0,0
1271,0.68,0.34,-2.38,-0.96,2.64,5.85,0,0,0
1272,0.72,0.18,-2.46,-0.85,2.70,5.89,0,0,0
1273,0.77,0.03,-2.52,-0.38,2.60,6.22,0,0,0
1274,0.80,-0.03,-2.56,0.24,2.30,6.77,0,0,0
1275,0.75,0.00,-2.59,0.23,1.92,7.41,0,0,0
1276,0.61,0.07,-2.61,0.06,1.46,7.93,0,0,0
1277,0.49,0.12,-2.63,0.06,1.25,8.11,0,0,0
1278,0.32,0.23,-2.63,0.22,1.08,7.84,0,0,0
1279,0.20,0.36,-2.62,0.64,1.00,6.95,0,0,0
1280,0.17,0.39,-2.65,0.97,0.94,6.45,0,0,0
1281,0.16,0.40,-2.67,1.20,0.72,5.97,0,0,0
1282,0.20,0.37,-2.67,1.41,0.39,5.86,0,0,0
1283,0.32,0.28,-2.66,1.55,-0.06,5.80,0,0,0
1284,0.58,0.10,-2.55,1.99,-0.64,6.06,0,0,0
1285,0.71,0.02,-2.45,2.09,-1.13,6.81,0,0,0
1286,0.75,-0.00,-2.36,1.83,-1.34,7.74,0,0,0
1287,0.71,-0.02,-2.33,1.75,-1.31,8.15,0,0,0
1288,0.63,-0.04,-2.30,1.73,-1.39,8.50,0,0,0
1289,0.45,-0.02,-2.27,1.60,-1.54,8.86,0,0,0
1290,0.34,0.02,-2.23,1.62,-1.56,8.94,0,0,0
1291,0.23,0.05,-2.12,1.47,-1.28,8.64,0,0,0
1292,0.18,0.01,-2.02,1.21,-0.91,8.03,0,0,0
1293,0.20,-0.04,-1.97,1.11,-0.83,7.63,0,0,0
1294,0.24,-0.11,-1.91,1.26,-0.74,7.20,0,0,0
1295,0.34,-0.25,-1.88,1.29,-0.81,6.89,0,0,0
1296,0.43,-0.43,-1.91,0.93,-0.59,6.86,0,0,0
1297,0.44,-0.56,-1.93,1.07,-0.38,6.92,0,0,0
1298,0.46,-0.68,-1.93,1.47,-0.27,7.60,0,0,0
1299,0.46,-0.69,-1.90,1.63,-0.08,8.27,0,0,0
1300,0.44,-0.70,-1.89,2.05,-0.16,8.88,0,0,0
1301,0.41,-0.66,-1.88,2.36,-0.37,9.77,0,0,0
1302,0.29,-0.62,-1.78,2.31,-0.64,10.43,0,0,0
1303,0.18,-0.62,-1.67,2.05,-1.43,10.44,0,0,0
1304,0.12,-0.60,-1.51,2.09,-2.17,10.02,0,0,0
1305,0.10,-0.57,-1.32,2.24,-2.80,9.41,0,0,0
1306,0.22,-0.65,-1.01,1.93,-3.70,9.13,0,0,0
1307,0.51,-0.85,-0.92,1.57,-2.66,9.96,0,0,0
1308,0.62,-1.04,-0.98,1.53,-1.72,10.35,0,0,0
1309,0.70,-1.12,-1.01,1.33,-1.07,11.19,0,0,0
1310,0.68,-1.13,-1.03,1.30,-0.79,11.61,0,0,0
1311,0.58,-1.09,-0.99,1.43,-0.77,12.24,0,0,0
1312,0.34,-1.04,-0.92,1.32,-1.07,12.57,0,0,0
1313,0.06,-0.95,-0.82,1.25,-1.71,12.60,0,0,0
1314,-0.25,-0.83,-0.71,1.26,-1.84,12.40,0,0,0
1315,-0.49,-0.82,-0.70,1.02,-1.69,12.45,0,0,0
1316,-0.60,-0.86,-0.75,1.07,-1.81,12.44,0,0,0
1317,-0.48,-0.85,-0.70,0.97,-2.44,12.78,0,0,0
1318,-0.28,-0.72,-0.61,0.77,-2.56,13.22,0,0,0
1319,0.06,-0.62,-0.50,0.84,-2.43,13.54,0,0,0
1320,0.23,-0.59,-0.44,0.93,-2.24,13.87,0,0,0
1321,0.48,-0.54,-0.33,0.73,-1.91,14.26,0,0,0
1322,0.56,-0.49,-0.26,0.72,-1.73,14.48,0,0,0
1323,0.56,-0.41,-0.21,0.77,-1.50,14.69,0,0,0
1324,0.42,-0.31,-0.17,0.80,-0.79,14.62,0,0,0
1325,0.15,-0.26,-0.19,0.79,-0.30,14.41,0,0,0
1326,-0.12,-0.21,-0.24,0.93,-0.16,14.08,0,0,0
1327,-0.32,-0.19,-0.29,0.80,-0.22,13.72,0,0,0
1328,-0.47,-0.17,-0.31,0.73,-0.34,13.48,0,0,0
1329,-0.53,-0.18,-0.31,0.73,-0.23,13.54,0,0,0
1330,-0.58,-0.19,-0.32,0.67,-0.07,13.64,0,0,0
1331,-0.60,-0.21,-0.35,0.57,0.08,13.81,0,0,0
1332,-0.54,-0.19,-0.35,0.44,0.31,14.09,0,0,0
1333,-0.30,0.01,-0.25,0.20,0.97,14.04,0,0,0
1334,-0.18,0.11,-0.20,0.26,1.26,13.90,0,0,0
1335,0.02,0.24,-0.13,0.08,1.39,13.67,0,0,0
1336,0.18,0.32,-0.10,-0.17,1.51,13.68,0,0,0
1337,0.23,0.34,-0.03,-0.25,1.69,13.49,0,0,0
1338,0.19,0.33,-0.07,-0.29,1.88,13.55,0,0,0
1339,0.08,0.28,-0.17,-0.14,1.95,13.52,0,0,0
1340,-0.07,0.27,-0.27,-0.28,2.13,13.84,0,0,0
1341,-0.17,0.24,-0.34,-0.41,2.28,13.79,0,0,0
1342,-0.19,0.23,-0.38,-0.32,2.29,14.00,0,0,0
1343,-0.13,0.28,-0.42,-0.38,2.55,14.33,0,0,0
1344,-0.07,0.47,-0.41,-0.06,2.78,14.71,0,0,0
1345,-0.01,0.63,-0.42,0.13,3.07,14.64,0,0,0
1346,0.02,0.71,-0.46,-0.08,3.17,14.20,0,0,0
1347,0.01,0.73,-0.53,0.00,3.16,13.77,0,0,0
1348,-0.02,0.74,-0.61,0.10,3.20,13.05,0,0,0
1349,-0.08,0.73,-0.67,0.03,3.30,12.37,0,0,0
1350,-0.14,0.71,-0.72,0.16,3.27,11.93,0,0,0
1351,-0.20,0.69,-0.77,0.26,3.30,11.54,0,0,0
1352,-0.28,0.65,-0.84,0.32,3.40,11.20,0,0,0
1353,-0.37,0.60,-0.92,0.44,3.44,10.77,0,0,0
1354,-0.43,0.56,-0.97,0.61,3.43,10.42,0,0,0
1355,-0.49,0.49,-1.04,0.84,3.35,10.07,0,0,0
1356,-0.52,0.51,-1.09,0.96,3.04,9.92,0,0,0
1357,-0.52,0.59,-1.08,0.95,2.63,9.83,0,0,0
1358,-0.52,0.64,-1.08,1.05,2.38,9.69,0,0,0
1359,-0.47,0.66,-1.05,1.29,1.97,9.64,0,0,0
1360,-0.36,0.67,-1.00,1.41,1.24,9.79,0,0,0
1361,-0.18,0.72,-0.95,1.40,0.76,9.98,0,0,0
1362,0.02,0.77,-0.89,1.49,0.51,10.19,0,0,0
1363,0.27,0.86,-0.82,1.51,0.42,10.38,0,0,0
1364,0.49,0.91,-0.79,1.40,0.34,10.29,0,0,0
1365,0.88,0.90,-0.71,1.32,-0.07,10.17,0,0,0
1366,1.22,0.87,-0.61,1.22,-0.30,10.34,0,0,0
1367,1.46,0.82,-0.52,1.33,-0.05,10.61,0,0,0
1368,1.49,0.80,-0.49,1.60,0.79,10.74,0,0,0
1369,1.35,0.76,-0.70,1.34,1.47,11.23,0,0,0
1370,1.12,0.75,-0.79,1.02,1.37,11.37,0,0,0
1371,0.98,0.80,-0.78,1.07,1.13,11.33,0,0,0
1372,0.86,0.89,-0.77,1.37,0.81,11.16,0,0,0
1373,0.61,1.05,-0.76,1.65,0.76,10.76,0,0,0
1374,0.31,1.12,-0.80,1.39,0.70,10.43,0,0,0
1375,0.02,1.10,-0.82,1.15,0.43,9.64,0,0,0
1376,-0.11,1.09,-0.81,1.13,0.30,9.11,0,0,0
1377,-0.27,1.07,-0.80,1.06,0.36,8.31,0,0,0
1378,-0.33,1.01,-0.81,0.92,0.52,7.49,0,0,0
1379,-0.29,0.90,-0.83,0.66,0.43,6.99,0,0,0
1380,-0.16,0.76,-0.80,0.45,0.40,6.59,0,0,0
1381,-0.03,0.64,-0.76,0.38,0.15,6.37,0,0,0
1382,0.08,0.57,-0.69,0.23,-0.10,6.50,0,0,0
1383,0.17,0.48,-0.62,0.04,-0.13,6.67,0,0,0
1384,0.25,0.39,-0.57,0.17,-0.17,6.92,0,0,0
1385,0.32,0.32,-0.52,0.00,-0.28,7.38,0,0,0
1386,0.34,0.28,-0.49,-0.05,-0.35,7.81,0,0,0
1387,0.35,0.26,-0.45,-0.02,-0.25,7.99,0,0,0
1388,0.32,0.26,-0.42,0.05,-0.05,8.20,0,0,0
1389,0.29,0.26,-0.41,0.04,0.08,8.14,0,0,0
1390,0.22,0.29,-0.40,-0.02,0.25,7.84,0,0,0
1391,0.16,0.30,-0.39,-0.07,0.24,7.40,0,0,0
1392,0.12,0.28,-0.38,-0.24,0.10,6.79,0,0,0
1393,0.12,0.19,-0.34,-0.25,-0.33,6.49,0,0,0
1394,0.14,0.09,-0.29,-0.35,-0.34,6.39,0,0,0
1395,0.14,-0.02,-0.25,-0.34,-0.34,6.35,0,0,0
1396,0.13,-0.10,-0.20,-0.34,-0.28,6.53,0,0,0
1397,0.11,-0.09,-0.12,-0.18,-0.40,7.19,0,0,0
1398,0.11,-0.06,-0.11,-0.39,-0.34,7.69,0,0,0
1399,0.09,-0.05,-0.10,-0.65,0.00,8.32,0,0,0
1400,0.10,-0.02,-0.08,-0.59,0.27,8.67,0,0,0
1401,0.16,0.04,-0.04,-0.61,0.56,8.62,0,0,0
1402,0.24,0.09,-0.03,-0.79,0.76,8.66,0,0,0
1403,0.27,0.10,-0.03,-0.90,0.91,8.56,0,0,0
1404,0.29,0.07,-0.02,-1.03,0.93,8.28,0,0,0
1405,0.33,0.01,-0.02,-1.20,0.96,8.27,0,0,0
1406,0.36,-0.05,-0.02,-1.14,1.02,8.35,0,0,0
1407,0.32,-0.09,-0.02,-1.15,1.14,8.49,0,0,0
1408,0.27,-0.10,-0.01,-1.10,1.13,8.69,0,0,0
1409,0.19,-0.10,0.00,-1.25,1.15,8.96,0,0,0
1410,0.09,-0.12,0.01,-1.28,1.28,9.21,0,0,0
1411,0.03,-0.15,0.00,-1.21,1.42,9.31,0,0,0
1412,-0.00,-0.16,-0.00,-1.36,1.46,9.35,0,0,0
1413,-0.02,-0.18,0.00,-1.35,1.56,9.48,0,0,0
1414,-0.04,-0.19,0.02,-1.36,1.59,9.30,0,0,0
1415,-0.06,-0.22,0.02,-1.37,1.56,9.00,0,0,0
1416,-0.08,-0.27,0.03,-1.29,1.62,8.76,0,0,0
1417,-0.07,-0.31,0.04,-1.39,1.55,8.54,0,0,0
1418,-0.05,-0.31,0.05,-1.14,1.58,8.62,0,0,0
1419,-0.06,-0.29,0.06,-0.99,1.51,8.82,0,0,0
1420,-0.10,-0.24,0.05,-1.04,1.60,9.01,0,0,0
1421,-0.18,-0.19,0.02,-1.13,1.74,9.03,0,0,0
1422,-0.27,-0.17,-0.01,-1.27,1.71,8.79,0,0,0
1423,-0.32,-0.18,-0.03,-1.13,1.74,8.72,0,0,0
1424,-0.34,-0.18,-0.02,-1.14,1.81,8.60,0,0,0
1425,-0.33,-0.17,-0.03,-1.14,1.86,8.52,0,0,0
1426,-0.26,-0.21,-0.04,-1.24,1.76,8.73,0,0,0
1427,-0.22,-0.25,-0.05,-1.26,1.70,8.83,0,0,0
1428,-0.12,-0.32,-0.06,-1.24,1.30,9.34,0,0,0
1429,-0.08,-0.32,-0.04,-1.24,1.16,9.63,0,0,0
1430,-0.04,-0.31,-0.03,-1.30,1.08,9.84,0,0,0
1431,0.01,-0.24,-0.01,-1.14,1.17,10.13,0,0,0
1432,0.04,-0.18,0.00,-0.95,1.28,10.17,0,0,0
1433,0.07,-0.12,0.01,-1.04,1.35,10.11,0,0,0
1434,0.10,-0.06,0.01,-1.09,1.31,10.11,0,0,0
1435,0.11,-0.00,0.02,-1.11,1.29,10.09,0,0,0
1436,0.12,0.06,0.03,-1.16,1.15,9.98,0,0,0
1437,0.11,0.11,0.04,-1.16,1.22,9.48,0,0,0
1438,0.08,0.11,0.05,-1.13,1.16,9.06,0,0,0
1439,0.04,0.09,0.07,-1.18,1.16,8.74,0,0,0
1440,0.01,0.07,0.06,-1.09,1.13,8.59,0,0,0
1441,-0.02,0.04,0.06,-1.10,1.11,8.45,0,0,0
1442,-0.06,0.00,0.05,-1.11,1.02,8.46,0,0,0
1443,-0.10,-0.03,0.04,-1.07,1.02,8.44,0,0,0
1444,-0.13,-0.07,0.04,-1.11,0.97,8.56,0,0,0
1445,-0.15,-0.12,0.04,-1.08,1.00,8.72,0,0,0
1446,-0.13,-0.16,0.04,-1.11,0.94,8.87,0,0,0
